N,P,K,temperature,humidity,ph,rainfall,label
81.0,53.0,42.0,22.42,83.17,5.79,184.76,rice
96.0,40.0,38.0,27.21,82.62,6.37,265.6,rice
97.0,40.0,43.0,27.65,80.18,5.93,266.66,rice
79.0,58.0,36.0,20.9,83.92,6.9,237.42,rice
86.0,38.0,41.0,26.08,80.48,5.46,233.02,rice
92.0,43.0,40.0,22.26,80.17,6.16,276.69,rice
95.0,46.0,36.0,22.19,81.53,6.05,262.17,rice
71.0,37.0,41.0,26.98,81.95,5.69,222.26,rice
76.0,40.0,37.0,24.94,80.66,5.8,231.35,rice
97.0,46.0,37.0,21.27,82.98,6.89,192.94,rice
67.0,56.0,45.0,21.92,82.5,7.44,272.23,rice
98.0,55.0,41.0,21.89,81.41,6.11,245.4,rice
82.0,53.0,41.0,27.57,82.81,7.23,175.56,rice
65.0,46.0,36.0,23.77,81.0,5.96,282.88,rice
98.0,51.0,39.0,20.8,80.61,5.95,213.0,rice
86.0,47.0,44.0,20.27,80.8,7.06,175.25,rice
88.0,42.0,45.0,27.39,84.14,5.55,248.35,rice
87.0,44.0,40.0,25.94,80.03,5.75,225.52,rice
96.0,44.0,41.0,26.07,84.78,7.24,289.62,rice
69.0,37.0,43.0,24.64,83.16,6.65,151.03,rice
82.0,52.0,39.0,22.74,82.46,5.17,189.17,rice
70.0,50.0,43.0,23.45,81.83,5.53,162.42,rice
92.0,47.0,42.0,20.42,81.18,5.51,281.98,rice
80.0,47.0,41.0,20.95,80.68,6.88,291.32,rice
75.0,39.0,35.0,20.0,80.89,5.5,229.32,rice
78.0,57.0,41.0,21.0,84.78,7.11,246.29,rice
99.0,37.0,36.0,22.61,84.61,5.17,228.67,rice
76.0,44.0,37.0,23.36,83.75,5.47,173.94,rice
99.0,36.0,36.0,27.84,81.38,5.78,291.07,rice
66.0,43.0,39.0,24.05,83.24,5.98,155.31,rice
72.0,50.0,37.0,25.66,81.77,6.47,290.87,rice
75.0,45.0,45.0,20.79,84.51,6.77,239.14,rice
67.0,57.0,41.0,22.26,82.4,5.06,243.72,rice
95.0,41.0,44.0,25.3,83.88,6.19,179.26,rice
75.0,39.0,43.0,20.16,81.32,7.19,158.06,rice
99.0,60.0,41.0,24.71,83.97,6.45,175.97,rice
91.0,54.0,44.0,21.11,81.82,7.41,296.92,rice
71.0,47.0,41.0,21.77,83.5,6.29,247.95,rice
68.0,37.0,45.0,20.52,83.99,6.99,263.67,rice
62.0,44.0,35.0,25.34,84.5,7.43,242.88,rice
91.0,42.0,38.0,23.99,83.12,6.8,261.0,rice
71.0,40.0,45.0,22.35,81.31,6.78,225.0,rice
68.0,51.0,40.0,26.3,83.29,5.02,185.76,rice
78.0,60.0,38.0,20.43,81.52,7.19,182.0,rice
92.0,38.0,44.0,26.22,84.86,6.06,169.71,rice
87.0,55.0,41.0,20.24,83.27,5.67,249.79,rice
99.0,36.0,42.0,23.81,83.8,5.02,199.95,rice
66.0,39.0,45.0,21.22,80.14,7.02,256.1,rice
87.0,53.0,43.0,27.02,80.43,6.32,234.45,rice
78.0,38.0,43.0,26.09,80.73,6.99,187.54,rice
87.0,37.0,41.0,21.99,82.73,7.2,253.95,rice
89.0,41.0,39.0,24.62,82.51,5.53,175.47,rice
73.0,50.0,37.0,24.5,82.47,6.78,188.57,rice
69.0,46.0,37.0,24.25,81.75,7.47,298.13,rice
75.0,59.0,38.0,27.23,83.92,5.66,278.64,rice
64.0,47.0,38.0,27.71,80.04,6.12,223.04,rice
77.0,60.0,42.0,26.24,82.78,5.1,249.58,rice
82.0,52.0,41.0,26.77,80.32,5.68,277.74,rice
99.0,36.0,45.0,24.15,83.28,7.01,249.28,rice
86.0,46.0,41.0,21.45,84.3,6.52,285.31,rice
86.0,42.0,39.0,22.92,82.34,5.83,173.49,rice
90.0,46.0,44.0,23.1,80.44,6.74,282.25,rice
95.0,41.0,38.0,22.85,84.41,6.55,190.54,rice
66.0,43.0,40.0,21.66,82.43,7.46,189.66,rice
92.0,54.0,39.0,24.68,80.41,5.02,249.8,rice
83.0,41.0,37.0,24.8,83.35,6.12,157.46,rice
99.0,46.0,39.0,25.55,84.94,5.19,286.82,rice
79.0,38.0,43.0,22.86,83.17,7.34,169.19,rice
95.0,44.0,36.0,20.51,80.94,6.26,266.6,rice
82.0,45.0,41.0,24.15,82.99,6.55,287.67,rice
75.0,45.0,36.0,21.72,83.66,5.53,200.38,rice
84.0,41.0,37.0,24.29,82.11,5.58,279.2,rice
80.0,56.0,45.0,22.15,80.02,5.37,197.66,rice
75.0,53.0,38.0,21.63,80.78,7.07,169.37,rice
86.0,43.0,38.0,20.93,80.41,5.19,175.36,rice
71.0,36.0,44.0,27.53,81.41,7.15,228.74,rice
79.0,38.0,44.0,26.97,80.83,5.37,230.68,rice
61.0,55.0,42.0,25.22,81.63,7.46,181.75,rice
86.0,49.0,45.0,20.91,82.23,5.33,165.13,rice
64.0,44.0,42.0,20.31,81.98,6.02,283.86,rice
98.0,58.0,45.0,24.67,83.18,6.15,263.24,rice
75.0,39.0,35.0,26.92,84.4,6.26,214.53,rice
69.0,37.0,42.0,25.47,84.84,7.22,208.23,rice
84.0,40.0,40.0,27.89,83.11,6.11,247.21,rice
73.0,43.0,45.0,22.53,84.64,6.51,291.45,rice
62.0,53.0,40.0,23.54,82.67,7.48,256.99,rice
63.0,52.0,36.0,22.89,84.69,5.34,288.29,rice
64.0,56.0,45.0,27.26,83.56,6.21,187.38,rice
63.0,51.0,39.0,27.77,82.84,7.37,220.79,rice
95.0,52.0,40.0,21.59,83.33,5.28,207.91,rice
93.0,52.0,44.0,25.54,80.89,6.61,257.59,rice
91.0,56.0,38.0,23.43,82.79,6.78,193.53,rice
77.0,57.0,36.0,26.55,83.57,5.72,217.95,rice
75.0,40.0,37.0,25.21,81.19,6.84,214.56,rice
98.0,43.0,38.0,20.6,82.61,7.37,176.59,rice
62.0,35.0,45.0,25.08,83.43,7.36,172.3,rice
77.0,51.0,43.0,23.92,80.83,7.42,248.07,rice
78.0,39.0,43.0,20.87,80.97,6.7,176.05,rice
84.0,58.0,36.0,26.31,80.85,6.03,275.29,rice
64.0,58.0,39.0,23.24,80.28,6.84,177.88,rice
70.0,42.0,25.0,21.2,64.45,7.3,69.7,maize
99.0,38.0,21.0,21.26,56.91,7.35,97.0,maize
67.0,45.0,16.0,21.32,63.91,7.2,69.79,maize
78.0,37.0,18.0,18.01,57.78,5.99,109.9,maize
63.0,36.0,19.0,23.53,73.21,5.79,92.04,maize
99.0,58.0,18.0,21.99,70.42,6.28,107.89,maize
71.0,51.0,18.0,18.16,55.58,6.83,107.44,maize
85.0,50.0,21.0,22.94,62.57,6.57,71.63,maize
63.0,56.0,19.0,23.72,68.82,6.45,93.61,maize
81.0,59.0,24.0,24.98,59.8,5.72,75.59,maize
94.0,42.0,20.0,18.88,64.71,6.59,63.82,maize
77.0,46.0,21.0,21.09,57.31,7.13,62.51,maize
77.0,36.0,16.0,24.35,63.26,5.93,69.06,maize
79.0,57.0,16.0,26.97,74.69,6.19,99.15,maize
79.0,44.0,20.0,24.09,55.34,7.28,105.59,maize
73.0,57.0,23.0,21.82,66.12,6.57,81.31,maize
75.0,41.0,21.0,26.98,69.05,5.87,66.89,maize
95.0,36.0,19.0,25.36,69.83,7.29,74.48,maize
99.0,37.0,22.0,21.16,72.53,7.37,101.46,maize
94.0,46.0,19.0,23.68,71.79,5.82,88.79,maize
96.0,41.0,23.0,22.98,60.57,7.03,97.31,maize
74.0,50.0,17.0,24.54,55.46,5.86,87.82,maize
83.0,39.0,21.0,23.31,56.54,6.85,68.73,maize
91.0,41.0,23.0,25.89,73.04,6.6,106.42,maize
93.0,37.0,22.0,25.57,61.62,6.61,91.63,maize
87.0,51.0,21.0,22.21,62.98,7.26,63.6,maize
71.0,55.0,25.0,26.13,73.79,6.56,97.7,maize
65.0,38.0,24.0,25.36,73.16,6.09,105.71,maize
91.0,50.0,17.0,21.69,62.71,6.64,76.29,maize
96.0,52.0,24.0,26.73,72.73,7.28,65.81,maize
70.0,46.0,25.0,26.18,58.48,7.39,101.44,maize
65.0,51.0,23.0,18.16,56.0,6.17,68.95,maize
73.0,41.0,18.0,23.5,69.54,6.81,62.48,maize
98.0,50.0,17.0,26.82,59.33,5.56,109.86,maize
95.0,39.0,17.0,25.86,55.59,6.08,95.82,maize
90.0,47.0,21.0,20.29,74.08,6.13,68.37,maize
63.0,46.0,24.0,26.68,56.88,6.24,79.52,maize
81.0,54.0,25.0,20.44,71.18,5.85,68.94,maize
87.0,41.0,20.0,24.23,71.67,6.45,89.7,maize
91.0,37.0,16.0,24.22,71.03,6.77,69.37,maize
60.0,41.0,24.0,26.87,70.07,5.92,69.64,maize
78.0,45.0,23.0,20.07,66.72,7.39,108.8,maize
95.0,58.0,23.0,23.68,72.7,5.98,60.94,maize
78.0,47.0,17.0,24.2,56.73,6.25,85.08,maize
93.0,59.0,21.0,26.87,69.98,6.49,93.33,maize
97.0,56.0,22.0,20.4,65.18,7.05,88.99,maize
73.0,44.0,17.0,23.64,63.22,5.75,82.39,maize
68.0,38.0,25.0,25.49,64.39,6.52,66.4,maize
95.0,51.0,24.0,23.95,59.09,6.76,98.08,maize
74.0,52.0,24.0,25.99,65.55,7.39,100.78,maize
64.0,36.0,16.0,23.17,71.02,5.67,60.57,maize
96.0,42.0,24.0,20.33,59.44,7.06,63.59,maize
61.0,44.0,20.0,19.1,66.9,5.93,65.89,maize
86.0,52.0,15.0,23.12,69.11,6.52,72.84,maize
61.0,39.0,23.0,22.39,73.13,7.35,63.82,maize
78.0,54.0,20.0,21.07,74.15,6.6,87.42,maize
79.0,51.0,21.0,23.81,55.09,7.46,103.38,maize
65.0,57.0,18.0,26.67,59.18,6.45,82.58,maize
78.0,51.0,16.0,24.0,61.96,7.23,95.45,maize
74.0,57.0,17.0,19.07,60.32,7.5,89.84,maize
65.0,38.0,15.0,18.4,63.58,6.06,79.74,maize
72.0,44.0,24.0,23.04,57.19,7.05,77.48,maize
63.0,54.0,18.0,21.91,55.88,6.71,84.06,maize
97.0,45.0,19.0,18.6,55.76,6.17,66.99,maize
93.0,54.0,19.0,23.04,65.18,6.61,62.13,maize
63.0,55.0,25.0,26.89,66.38,5.84,95.55,maize
96.0,57.0,24.0,18.24,73.98,6.58,89.63,maize
82.0,58.0,21.0,26.39,67.65,6.73,94.93,maize
69.0,53.0,23.0,26.66,68.61,6.04,77.44,maize
87.0,46.0,18.0,19.11,73.69,6.57,79.17,maize
79.0,50.0,21.0,23.58,63.15,5.67,87.01,maize
96.0,41.0,18.0,25.26,66.43,5.9,83.46,maize
87.0,57.0,19.0,25.92,73.9,6.61,87.54,maize
64.0,45.0,16.0,22.77,70.52,5.93,109.57,maize
84.0,51.0,17.0,22.42,57.44,6.25,71.21,maize
86.0,41.0,18.0,26.16,66.63,7.02,86.1,maize
91.0,48.0,19.0,26.41,65.23,6.63,109.02,maize
75.0,46.0,16.0,25.52,73.41,6.19,93.95,maize
78.0,46.0,22.0,25.3,55.61,5.93,64.39,maize
92.0,54.0,19.0,25.49,61.8,7.11,70.6,maize
66.0,59.0,19.0,18.98,65.64,7.24,89.07,maize
75.0,51.0,21.0,18.71,68.85,7.38,68.12,maize
87.0,55.0,18.0,20.56,61.14,6.58,61.27,maize
79.0,50.0,25.0,23.83,68.77,5.73,108.64,maize
98.0,41.0,16.0,18.96,59.39,6.45,88.4,maize
87.0,35.0,16.0,26.6,58.31,6.03,78.53,maize
83.0,54.0,16.0,21.77,59.3,5.99,96.07,maize
86.0,50.0,25.0,23.16,65.93,6.48,79.72,maize
84.0,41.0,23.0,20.77,70.35,7.23,94.91,maize
61.0,37.0,21.0,19.55,66.81,7.43,61.85,maize
100.0,54.0,22.0,22.2,63.98,6.29,86.1,maize
69.0,39.0,18.0,20.02,59.76,7.38,102.78,maize
87.0,51.0,16.0,20.09,62.48,6.78,104.38,maize
65.0,35.0,24.0,23.26,60.73,7.19,101.52,maize
78.0,42.0,16.0,22.26,73.37,6.72,83.55,maize
63.0,44.0,20.0,25.25,63.48,6.96,86.31,maize
100.0,56.0,24.0,24.39,67.04,6.51,106.86,maize
72.0,53.0,24.0,24.76,63.66,6.13,84.15,maize
82.0,56.0,21.0,19.82,74.45,7.43,92.1,maize
94.0,44.0,21.0,23.51,58.76,7.18,108.87,maize
26.0,78.0,83.0,18.93,17.64,7.6,90.37,chickpea
48.0,74.0,82.0,18.19,19.48,6.29,82.23,chickpea
48.0,65.0,78.0,18.75,15.7,5.55,92.86,chickpea
47.0,59.0,78.0,18.29,19.97,6.62,85.02,chickpea
56.0,77.0,81.0,18.97,19.55,6.0,70.98,chickpea
50.0,74.0,79.0,19.25,15.68,8.34,73.99,chickpea
31.0,62.0,79.0,17.74,19.42,5.72,66.38,chickpea
27.0,67.0,82.0,17.63,17.7,8.33,75.86,chickpea
23.0,62.0,79.0,18.02,15.31,6.06,85.32,chickpea
51.0,56.0,79.0,19.48,15.74,8.33,78.79,chickpea
54.0,73.0,83.0,20.15,16.24,6.85,93.13,chickpea
28.0,66.0,79.0,18.04,17.58,5.51,88.59,chickpea
29.0,73.0,83.0,20.14,16.0,7.49,93.52,chickpea
27.0,78.0,82.0,20.94,14.27,8.16,93.17,chickpea
58.0,66.0,81.0,20.27,19.84,7.07,65.6,chickpea
56.0,60.0,83.0,19.03,19.98,7.05,67.63,chickpea
57.0,58.0,77.0,20.93,18.55,8.26,82.27,chickpea
44.0,69.0,80.0,20.93,16.79,7.63,89.19,chickpea
52.0,75.0,83.0,18.54,17.35,7.33,72.94,chickpea
43.0,75.0,84.0,19.99,15.24,6.6,94.41,chickpea
48.0,80.0,82.0,19.86,18.56,7.31,83.73,chickpea
50.0,60.0,78.0,17.66,19.18,6.58,65.62,chickpea
33.0,67.0,80.0,19.96,15.23,6.83,82.96,chickpea
29.0,59.0,84.0,19.98,18.75,7.93,66.54,chickpea
29.0,72.0,77.0,18.97,17.41,7.05,82.68,chickpea
24.0,67.0,84.0,18.22,18.9,5.71,76.14,chickpea
37.0,63.0,81.0,20.32,16.65,6.4,80.8,chickpea
21.0,78.0,78.0,20.22,18.33,7.85,75.02,chickpea
34.0,77.0,76.0,18.48,19.65,8.07,78.47,chickpea
38.0,71.0,75.0,19.16,18.04,7.59,86.7,chickpea
48.0,78.0,82.0,18.93,16.82,7.68,87.26,chickpea
41.0,58.0,77.0,18.58,16.01,7.91,86.7,chickpea
37.0,64.0,81.0,18.91,19.44,8.34,89.01,chickpea
38.0,64.0,79.0,17.77,15.12,6.18,69.95,chickpea
49.0,55.0,78.0,20.21,15.31,8.05,90.88,chickpea
52.0,67.0,81.0,18.38,16.28,7.17,80.43,chickpea
28.0,79.0,81.0,19.93,19.5,6.09,70.42,chickpea
24.0,60.0,76.0,17.13,16.06,8.1,81.19,chickpea
43.0,76.0,80.0,17.82,19.81,8.21,84.74,chickpea
38.0,70.0,76.0,17.96,19.64,7.42,76.48,chickpea
30.0,80.0,78.0,20.1,16.94,7.65,93.49,chickpea
28.0,64.0,83.0,18.7,17.3,6.45,76.54,chickpea
45.0,64.0,76.0,17.46,14.61,6.02,67.21,chickpea
56.0,74.0,83.0,17.12,17.92,8.18,87.56,chickpea
47.0,78.0,82.0,20.94,17.2,6.09,78.01,chickpea
27.0,62.0,78.0,20.03,17.99,8.49,84.11,chickpea
33.0,68.0,82.0,20.92,18.15,7.49,67.19,chickpea
36.0,67.0,79.0,17.69,15.25,8.27,67.19,chickpea
50.0,62.0,81.0,20.16,15.61,6.63,77.07,chickpea
21.0,60.0,79.0,19.34,15.11,6.06,68.52,chickpea
35.0,63.0,84.0,19.08,18.62,7.94,67.86,chickpea
53.0,59.0,76.0,19.37,19.54,8.15,90.45,chickpea
44.0,77.0,82.0,20.62,19.54,6.67,77.69,chickpea
52.0,76.0,81.0,18.84,15.92,7.95,80.48,chickpea
41.0,71.0,83.0,19.23,16.46,5.92,85.88,chickpea
46.0,64.0,80.0,20.94,17.97,6.05,90.63,chickpea
33.0,58.0,83.0,17.96,17.6,7.6,70.28,chickpea
54.0,79.0,77.0,17.15,15.75,6.76,78.84,chickpea
38.0,68.0,80.0,20.87,14.67,7.2,93.32,chickpea
28.0,62.0,83.0,18.42,14.5,6.32,65.68,chickpea
32.0,65.0,80.0,19.39,16.94,5.52,82.74,chickpea
29.0,75.0,79.0,20.94,14.75,7.66,67.68,chickpea
28.0,79.0,79.0,17.05,16.19,7.8,78.15,chickpea
59.0,68.0,82.0,18.26,17.67,5.97,76.83,chickpea
51.0,68.0,75.0,17.15,15.87,7.94,67.65,chickpea
44.0,64.0,82.0,20.15,16.22,7.04,66.02,chickpea
26.0,68.0,78.0,20.31,17.88,6.45,87.99,chickpea
23.0,76.0,76.0,18.07,14.72,6.9,83.11,chickpea
53.0,74.0,83.0,20.77,17.67,7.06,66.83,chickpea
23.0,55.0,77.0,18.96,15.19,6.3,89.97,chickpea
49.0,60.0,79.0,18.52,19.18,7.59,90.69,chickpea
40.0,71.0,76.0,17.08,16.8,6.24,84.08,chickpea
51.0,67.0,78.0,18.64,15.32,6.45,65.9,chickpea
58.0,80.0,83.0,20.28,16.69,7.01,70.96,chickpea
21.0,69.0,79.0,20.46,19.67,8.01,79.85,chickpea
56.0,60.0,78.0,19.95,17.9,6.48,69.01,chickpea
58.0,74.0,77.0,18.02,16.89,8.47,92.64,chickpea
48.0,74.0,82.0,20.68,18.84,7.28,68.05,chickpea
21.0,70.0,80.0,18.39,17.74,7.17,94.33,chickpea
42.0,68.0,84.0,18.27,15.61,7.95,86.44,chickpea
43.0,66.0,77.0,18.48,14.49,8.01,82.76,chickpea
26.0,71.0,80.0,19.65,16.92,7.31,90.61,chickpea
55.0,60.0,77.0,20.11,19.05,8.33,80.92,chickpea
35.0,78.0,83.0,18.14,16.37,6.55,76.56,chickpea
57.0,78.0,77.0,19.76,16.08,7.1,66.67,chickpea
25.0,68.0,79.0,19.39,17.03,7.89,67.88,chickpea
24.0,63.0,85.0,19.48,14.29,6.29,71.14,chickpea
33.0,71.0,75.0,18.46,19.07,7.66,88.2,chickpea
50.0,75.0,84.0,17.02,18.47,5.83,77.37,chickpea
21.0,62.0,84.0,19.82,18.97,7.2,71.41,chickpea
34.0,75.0,81.0,19.18,17.57,6.0,87.3,chickpea
45.0,63.0,79.0,17.93,19.17,7.11,93.78,chickpea
47.0,70.0,84.0,19.65,19.55,7.19,65.83,chickpea
26.0,56.0,82.0,18.03,15.48,7.48,72.48,chickpea
31.0,64.0,77.0,19.31,15.84,6.79,80.06,chickpea
59.0,62.0,82.0,17.18,19.55,6.47,75.57,chickpea
26.0,57.0,79.0,19.02,18.29,7.02,84.89,chickpea
23.0,63.0,84.0,20.29,18.33,7.11,68.6,chickpea
36.0,79.0,76.0,18.56,14.32,6.75,79.42,chickpea
42.0,57.0,84.0,19.49,14.39,6.5,65.04,chickpea
9.0,77.0,18.0,23.71,22.94,5.79,136.53,kidneybeans
2.0,77.0,19.0,19.87,23.4,5.63,92.06,kidneybeans
34.0,76.0,24.0,15.66,19.21,5.74,149.79,kidneybeans
27.0,60.0,18.0,15.86,20.17,5.89,99.8,kidneybeans
35.0,64.0,19.0,23.4,19.01,5.83,105.18,kidneybeans
7.0,71.0,24.0,15.36,23.23,5.89,141.72,kidneybeans
28.0,66.0,21.0,15.07,21.69,5.77,96.25,kidneybeans
22.0,78.0,22.0,20.45,24.87,5.9,80.52,kidneybeans
30.0,67.0,20.0,22.61,24.01,5.62,77.54,kidneybeans
37.0,70.0,17.0,22.5,21.04,5.78,82.13,kidneybeans
37.0,69.0,20.0,23.66,18.62,5.54,106.55,kidneybeans
27.0,59.0,16.0,23.74,18.25,5.75,141.5,kidneybeans
33.0,62.0,20.0,18.29,22.82,5.81,125.79,kidneybeans
2.0,63.0,15.0,24.39,22.01,5.69,117.55,kidneybeans
22.0,70.0,20.0,17.52,19.08,5.62,73.61,kidneybeans
4.0,70.0,20.0,24.83,20.24,5.92,92.13,kidneybeans
35.0,62.0,25.0,17.8,22.31,5.54,71.49,kidneybeans
29.0,79.0,16.0,16.81,19.22,5.95,108.89,kidneybeans
33.0,80.0,24.0,23.22,24.87,5.88,117.15,kidneybeans
20.0,70.0,21.0,21.01,20.87,5.73,88.5,kidneybeans
17.0,66.0,22.0,21.18,21.26,5.53,104.08,kidneybeans
2.0,79.0,20.0,21.1,21.96,5.61,99.18,kidneybeans
14.0,74.0,21.0,22.96,22.04,5.56,98.36,kidneybeans
7.0,63.0,16.0,19.75,21.94,5.65,135.01,kidneybeans
15.0,63.0,23.0,24.64,23.09,5.56,68.26,kidneybeans
12.0,70.0,24.0,19.11,23.14,5.97,98.57,kidneybeans
22.0,62.0,24.0,17.02,19.29,5.73,133.64,kidneybeans
28.0,58.0,16.0,18.25,19.36,5.8,74.4,kidneybeans
10.0,62.0,20.0,23.52,23.46,5.95,137.9,kidneybeans
19.0,68.0,18.0,24.95,18.98,5.94,90.19,kidneybeans
9.0,74.0,19.0,17.59,18.83,5.57,136.48,kidneybeans
10.0,69.0,19.0,22.36,22.1,5.75,131.57,kidneybeans
33.0,68.0,15.0,22.88,22.04,5.89,114.73,kidneybeans
21.0,58.0,18.0,20.61,20.53,5.58,113.72,kidneybeans
25.0,64.0,17.0,24.74,23.29,5.53,146.85,kidneybeans
30.0,65.0,19.0,23.07,18.25,5.86,65.18,kidneybeans
1.0,79.0,16.0,19.32,18.04,5.81,94.21,kidneybeans
16.0,79.0,16.0,18.18,24.17,5.67,109.38,kidneybeans
29.0,77.0,23.0,24.59,20.81,5.7,82.93,kidneybeans
7.0,80.0,24.0,17.11,21.14,5.8,103.47,kidneybeans
9.0,61.0,23.0,16.58,21.46,5.58,85.5,kidneybeans
25.0,65.0,22.0,16.33,19.66,5.57,79.33,kidneybeans
16.0,69.0,25.0,16.68,21.96,5.54,128.07,kidneybeans
1.0,78.0,21.0,24.31,22.96,5.99,70.92,kidneybeans
17.0,61.0,16.0,15.1,24.3,5.56,123.13,kidneybeans
1.0,67.0,24.0,24.43,24.99,5.52,109.67,kidneybeans
24.0,75.0,15.0,23.19,23.86,5.91,133.87,kidneybeans
5.0,56.0,23.0,18.06,22.71,5.78,91.73,kidneybeans
27.0,56.0,23.0,19.03,24.43,5.69,83.04,kidneybeans
35.0,75.0,15.0,18.57,24.82,5.68,103.01,kidneybeans
16.0,57.0,17.0,15.71,20.16,5.95,132.94,kidneybeans
18.0,77.0,19.0,22.42,22.92,5.58,89.5,kidneybeans
20.0,80.0,19.0,18.28,23.25,5.72,105.11,kidneybeans
3.0,78.0,24.0,17.88,20.49,5.64,111.64,kidneybeans
20.0,71.0,20.0,22.53,22.36,5.75,76.45,kidneybeans
12.0,60.0,24.0,23.81,21.42,5.86,85.81,kidneybeans
28.0,65.0,19.0,24.04,23.6,5.6,88.67,kidneybeans
5.0,71.0,17.0,21.63,22.7,5.68,148.19,kidneybeans
30.0,61.0,18.0,16.75,23.0,5.91,115.38,kidneybeans
3.0,67.0,24.0,19.63,23.26,5.8,121.55,kidneybeans
10.0,59.0,17.0,17.68,21.59,5.98,102.2,kidneybeans
15.0,72.0,24.0,18.59,21.22,5.83,123.42,kidneybeans
7.0,64.0,15.0,23.61,23.18,5.59,98.08,kidneybeans
4.0,71.0,23.0,22.95,21.95,5.62,103.42,kidneybeans
14.0,75.0,17.0,17.68,22.13,5.75,112.75,kidneybeans
17.0,65.0,17.0,19.3,20.85,5.84,144.86,kidneybeans
7.0,69.0,16.0,22.19,24.31,5.94,146.49,kidneybeans
30.0,65.0,17.0,24.21,23.1,5.93,79.69,kidneybeans
37.0,77.0,21.0,15.48,24.18,5.97,136.26,kidneybeans
34.0,76.0,21.0,17.3,23.35,5.74,88.45,kidneybeans
17.0,65.0,20.0,19.02,23.85,5.96,101.29,kidneybeans
16.0,57.0,20.0,18.93,18.61,5.91,127.65,kidneybeans
24.0,69.0,16.0,24.68,18.31,5.55,90.08,kidneybeans
12.0,66.0,17.0,19.12,22.41,5.77,90.52,kidneybeans
22.0,77.0,21.0,17.67,22.43,5.59,71.3,kidneybeans
0.0,57.0,17.0,23.13,24.83,5.85,75.59,kidneybeans
6.0,57.0,22.0,24.17,22.34,5.64,80.39,kidneybeans
9.0,60.0,17.0,24.01,19.2,5.62,126.76,kidneybeans
8.0,77.0,22.0,15.34,18.24,5.84,81.81,kidneybeans
7.0,76.0,16.0,17.08,22.68,5.83,98.63,kidneybeans
21.0,76.0,15.0,15.61,21.34,5.6,80.47,kidneybeans
21.0,60.0,15.0,22.73,20.22,5.84,134.68,kidneybeans
15.0,71.0,24.0,22.45,24.57,5.71,139.83,kidneybeans
25.0,72.0,16.0,24.36,23.18,5.71,124.98,kidneybeans
7.0,66.0,24.0,20.11,22.58,5.81,100.06,kidneybeans
22.0,68.0,20.0,16.96,18.15,5.75,92.27,kidneybeans
25.0,57.0,18.0,23.4,22.38,5.58,107.31,kidneybeans
7.0,71.0,25.0,24.65,20.34,5.58,95.72,kidneybeans
22.0,76.0,23.0,16.9,18.24,5.9,98.97,kidneybeans
19.0,66.0,24.0,22.56,24.93,5.9,74.31,kidneybeans
16.0,67.0,24.0,17.54,21.64,5.8,75.69,kidneybeans
17.0,68.0,16.0,16.38,20.96,5.62,136.36,kidneybeans
4.0,73.0,17.0,18.6,19.3,5.55,114.22,kidneybeans
30.0,78.0,24.0,16.35,23.66,5.85,94.96,kidneybeans
20.0,67.0,25.0,20.61,20.79,5.8,87.19,kidneybeans
20.0,67.0,24.0,18.73,22.22,5.89,146.9,kidneybeans
36.0,69.0,24.0,20.65,22.97,5.74,118.47,kidneybeans
34.0,69.0,16.0,22.38,24.28,5.8,72.36,kidneybeans
5.0,77.0,24.0,18.63,20.83,5.79,86.47,kidneybeans
9.0,59.0,20.0,20.09,18.63,5.56,96.57,kidneybeans
30.0,56.0,20.0,23.76,51.61,6.4,134.05,pigeonpeas
40.0,68.0,18.0,23.25,30.34,5.6,179.93,pigeonpeas
16.0,77.0,21.0,24.32,61.33,6.71,143.62,pigeonpeas
10.0,79.0,23.0,26.05,43.17,6.85,122.23,pigeonpeas
38.0,72.0,24.0,25.36,38.94,6.12,199.9,pigeonpeas
34.0,62.0,17.0,22.24,52.72,6.99,113.76,pigeonpeas
35.0,72.0,22.0,26.39,44.64,6.59,90.64,pigeonpeas
6.0,75.0,18.0,28.72,47.89,5.65,147.04,pigeonpeas
30.0,69.0,21.0,28.71,63.4,5.78,143.15,pigeonpeas
17.0,62.0,24.0,22.97,45.19,6.37,151.69,pigeonpeas
13.0,59.0,22.0,18.62,40.42,5.9,139.04,pigeonpeas
14.0,67.0,22.0,23.63,35.15,6.49,117.35,pigeonpeas
37.0,63.0,23.0,20.81,46.82,5.67,175.44,pigeonpeas
13.0,68.0,17.0,29.5,31.24,6.06,147.53,pigeonpeas
34.0,57.0,25.0,19.29,42.7,6.16,167.08,pigeonpeas
12.0,70.0,20.0,28.77,48.25,5.86,191.65,pigeonpeas
31.0,57.0,17.0,23.05,64.23,5.73,165.8,pigeonpeas
5.0,75.0,25.0,19.67,44.98,6.78,161.21,pigeonpeas
0.0,56.0,17.0,23.84,34.1,5.85,175.38,pigeonpeas
5.0,78.0,21.0,28.06,63.66,6.36,110.45,pigeonpeas
34.0,70.0,16.0,19.45,45.79,5.56,183.6,pigeonpeas
11.0,64.0,24.0,27.36,67.85,6.86,199.26,pigeonpeas
16.0,60.0,18.0,20.7,59.23,6.4,143.65,pigeonpeas
12.0,72.0,15.0,18.44,62.01,6.49,97.58,pigeonpeas
10.0,57.0,23.0,28.28,68.8,6.75,141.9,pigeonpeas
12.0,76.0,22.0,29.94,40.6,6.45,93.63,pigeonpeas
29.0,73.0,19.0,18.38,37.03,6.34,102.09,pigeonpeas
4.0,65.0,21.0,20.8,58.38,6.91,160.9,pigeonpeas
28.0,57.0,15.0,22.49,60.92,6.24,181.25,pigeonpeas
24.0,66.0,18.0,24.88,42.52,6.97,94.38,pigeonpeas
31.0,56.0,15.0,28.33,59.0,5.75,148.43,pigeonpeas
1.0,57.0,20.0,26.54,44.95,6.66,157.99,pigeonpeas
39.0,56.0,15.0,27.57,30.14,6.74,113.38,pigeonpeas
15.0,61.0,24.0,27.61,61.69,6.22,123.9,pigeonpeas
14.0,66.0,25.0,20.21,40.35,5.83,186.87,pigeonpeas
7.0,64.0,24.0,25.91,37.19,5.67,91.32,pigeonpeas
5.0,66.0,23.0,20.16,49.53,6.7,160.97,pigeonpeas
29.0,60.0,16.0,28.54,66.13,6.78,184.96,pigeonpeas
4.0,73.0,18.0,26.96,51.18,6.27,120.07,pigeonpeas
36.0,78.0,17.0,29.08,34.8,5.89,92.37,pigeonpeas
1.0,57.0,18.0,25.65,61.83,6.48,197.65,pigeonpeas
7.0,71.0,22.0,23.35,58.81,5.71,111.36,pigeonpeas
5.0,71.0,16.0,18.37,58.72,5.96,97.11,pigeonpeas
16.0,76.0,25.0,26.48,43.98,6.05,137.96,pigeonpeas
24.0,67.0,22.0,28.2,38.51,6.82,92.28,pigeonpeas
39.0,61.0,20.0,21.05,45.87,6.33,120.74,pigeonpeas
23.0,66.0,22.0,22.26,66.79,6.12,182.49,pigeonpeas
31.0,71.0,21.0,28.28,61.0,5.82,112.9,pigeonpeas
7.0,73.0,19.0,22.48,60.86,6.05,117.93,pigeonpeas
34.0,65.0,17.0,26.79,65.38,5.65,120.39,pigeonpeas
7.0,76.0,20.0,21.33,54.04,6.76,192.38,pigeonpeas
1.0,74.0,16.0,29.83,43.4,6.99,137.43,pigeonpeas
5.0,76.0,25.0,27.13,58.19,6.19,150.32,pigeonpeas
33.0,79.0,25.0,18.97,62.49,5.56,135.21,pigeonpeas
33.0,59.0,20.0,23.36,40.35,5.75,134.97,pigeonpeas
34.0,73.0,21.0,20.66,59.88,6.89,157.55,pigeonpeas
40.0,65.0,16.0,26.59,36.58,6.93,169.81,pigeonpeas
13.0,73.0,23.0,24.44,68.3,5.93,105.65,pigeonpeas
19.0,58.0,17.0,24.02,51.17,6.16,106.68,pigeonpeas
19.0,55.0,24.0,18.6,33.11,6.97,184.51,pigeonpeas
1.0,66.0,17.0,20.22,38.6,6.21,138.79,pigeonpeas
37.0,61.0,19.0,28.65,51.64,5.55,91.22,pigeonpeas
11.0,79.0,24.0,27.22,46.22,6.99,154.49,pigeonpeas
40.0,65.0,25.0,26.57,41.26,5.55,109.96,pigeonpeas
29.0,65.0,17.0,19.76,37.16,6.07,166.11,pigeonpeas
5.0,59.0,17.0,26.53,38.53,6.26,117.71,pigeonpeas
10.0,67.0,19.0,24.69,55.21,5.69,125.32,pigeonpeas
19.0,71.0,19.0,28.98,54.46,5.75,120.17,pigeonpeas
25.0,63.0,16.0,21.53,33.93,5.83,95.38,pigeonpeas
36.0,61.0,21.0,20.41,34.41,5.99,130.23,pigeonpeas
4.0,75.0,15.0,26.74,34.32,6.61,157.25,pigeonpeas
3.0,71.0,19.0,27.03,31.34,6.3,177.39,pigeonpeas
7.0,75.0,17.0,27.68,62.04,6.84,121.99,pigeonpeas
5.0,76.0,23.0,18.91,42.6,6.39,172.17,pigeonpeas
17.0,79.0,21.0,28.67,53.9,6.69,106.23,pigeonpeas
36.0,79.0,16.0,28.18,53.4,6.41,127.57,pigeonpeas
20.0,77.0,24.0,24.8,62.75,6.29,103.2,pigeonpeas
34.0,67.0,23.0,18.4,32.34,6.22,135.63,pigeonpeas
14.0,57.0,20.0,22.36,44.79,6.05,187.89,pigeonpeas
5.0,58.0,21.0,23.63,45.83,6.82,132.93,pigeonpeas
33.0,64.0,20.0,24.25,38.65,6.2,116.24,pigeonpeas
9.0,72.0,15.0,22.14,66.02,6.16,130.16,pigeonpeas
22.0,72.0,15.0,27.22,56.89,5.66,102.43,pigeonpeas
8.0,65.0,15.0,28.72,31.67,5.97,129.3,pigeonpeas
31.0,73.0,21.0,26.64,39.94,6.34,142.09,pigeonpeas
29.0,67.0,22.0,29.61,64.12,6.09,144.26,pigeonpeas
33.0,64.0,15.0,25.66,61.79,6.95,109.34,pigeonpeas
18.0,75.0,23.0,23.18,45.64,5.98,99.29,pigeonpeas
14.0,66.0,17.0,29.17,63.75,6.7,139.73,pigeonpeas
35.0,80.0,15.0,20.66,35.35,5.81,94.09,pigeonpeas
34.0,67.0,22.0,26.11,45.25,5.59,96.99,pigeonpeas
30.0,74.0,22.0,24.62,52.06,6.74,135.08,pigeonpeas
31.0,75.0,19.0,18.12,68.33,6.16,152.2,pigeonpeas
0.0,61.0,24.0,25.53,52.56,6.58,182.27,pigeonpeas
18.0,62.0,18.0,25.79,34.55,6.11,179.58,pigeonpeas
18.0,66.0,18.0,28.1,62.55,6.78,129.13,pigeonpeas
13.0,77.0,19.0,18.54,66.06,5.66,108.82,pigeonpeas
9.0,79.0,15.0,18.38,31.86,6.63,115.03,pigeonpeas
15.0,59.0,23.0,25.14,62.03,5.97,125.88,pigeonpeas
1.0,58.0,17.0,27.1,55.56,5.7,91.68,pigeonpeas
5.0,53.0,17.0,26.67,59.96,6.27,52.15,mothbeans
6.0,50.0,16.0,24.97,43.77,3.72,49.52,mothbeans
14.0,55.0,19.0,30.85,54.11,8.5,38.54,mothbeans
28.0,44.0,20.0,25.13,58.26,8.55,57.17,mothbeans
13.0,36.0,24.0,25.18,54.77,6.68,48.31,mothbeans
20.0,55.0,24.0,27.02,46.98,9.76,49.57,mothbeans
29.0,55.0,18.0,26.49,46.04,3.63,31.27,mothbeans
4.0,48.0,22.0,31.74,63.28,6.07,59.87,mothbeans
12.0,44.0,17.0,28.79,62.41,4.61,59.87,mothbeans
36.0,42.0,18.0,24.75,46.46,5.46,47.3,mothbeans
29.0,48.0,16.0,24.33,43.64,8.87,38.5,mothbeans
21.0,54.0,23.0,25.37,46.28,7.23,51.11,mothbeans
23.0,57.0,17.0,25.3,50.27,6.9,34.38,mothbeans
4.0,36.0,24.0,31.71,43.66,4.35,72.31,mothbeans
12.0,40.0,15.0,25.78,51.53,5.61,34.87,mothbeans
28.0,55.0,15.0,24.08,49.99,9.51,47.16,mothbeans
3.0,51.0,19.0,30.7,47.94,6.85,50.8,mothbeans
33.0,57.0,25.0,27.17,45.91,7.98,44.59,mothbeans
24.0,51.0,15.0,29.92,59.82,6.37,40.55,mothbeans
24.0,54.0,19.0,25.09,51.71,5.72,61.48,mothbeans
38.0,46.0,22.0,25.45,42.09,3.88,45.11,mothbeans
36.0,49.0,20.0,26.72,44.22,8.13,44.69,mothbeans
9.0,43.0,23.0,30.52,49.16,5.84,67.2,mothbeans
27.0,47.0,16.0,25.79,49.72,6.53,74.8,mothbeans
9.0,56.0,19.0,28.67,40.95,4.87,55.84,mothbeans
21.0,44.0,20.0,30.92,55.95,5.78,44.79,mothbeans
5.0,43.0,25.0,30.4,57.34,9.31,61.81,mothbeans
3.0,51.0,18.0,28.32,56.4,4.83,31.28,mothbeans
35.0,56.0,20.0,24.41,48.97,6.32,44.77,mothbeans
26.0,46.0,16.0,24.05,42.21,7.66,34.77,mothbeans
32.0,47.0,18.0,27.82,61.31,3.89,30.4,mothbeans
30.0,47.0,22.0,31.04,40.27,3.85,60.92,mothbeans
19.0,38.0,19.0,29.87,50.47,9.54,56.0,mothbeans
13.0,48.0,17.0,29.59,48.76,6.23,42.2,mothbeans
18.0,57.0,19.0,31.03,51.76,7.97,58.37,mothbeans
28.0,56.0,23.0,31.85,52.7,8.33,70.59,mothbeans
0.0,58.0,16.0,24.26,54.91,8.5,61.89,mothbeans
10.0,58.0,19.0,29.03,43.85,7.72,52.3,mothbeans
16.0,55.0,16.0,28.42,45.77,3.83,36.31,mothbeans
13.0,54.0,17.0,31.85,51.93,9.8,31.95,mothbeans
16.0,44.0,25.0,31.0,54.76,9.77,50.5,mothbeans
13.0,47.0,18.0,28.98,56.37,8.95,52.17,mothbeans
33.0,54.0,15.0,28.83,44.52,4.8,46.46,mothbeans
40.0,40.0,19.0,27.79,57.67,7.73,54.26,mothbeans
28.0,58.0,20.0,31.86,55.25,7.1,72.46,mothbeans
28.0,49.0,16.0,30.07,50.64,8.3,67.82,mothbeans
30.0,54.0,25.0,25.8,63.41,9.05,48.62,mothbeans
36.0,58.0,23.0,31.19,60.53,6.06,61.86,mothbeans
11.0,43.0,23.0,28.19,56.02,6.56,61.04,mothbeans
22.0,57.0,19.0,26.38,52.31,5.36,65.94,mothbeans
24.0,56.0,16.0,24.95,51.14,3.73,41.05,mothbeans
16.0,43.0,18.0,31.42,61.02,5.1,44.94,mothbeans
8.0,37.0,19.0,29.02,55.68,7.93,72.07,mothbeans
18.0,54.0,24.0,30.8,42.49,4.11,38.02,mothbeans
12.0,59.0,18.0,24.47,60.13,8.88,42.45,mothbeans
35.0,41.0,24.0,26.21,60.5,7.93,41.44,mothbeans
23.0,50.0,21.0,28.67,47.26,4.7,59.5,mothbeans
8.0,43.0,20.0,29.12,57.16,3.82,34.28,mothbeans
18.0,42.0,18.0,24.22,50.17,6.86,54.08,mothbeans
15.0,44.0,19.0,26.39,64.95,6.13,62.04,mothbeans
7.0,51.0,20.0,24.56,55.99,7.3,70.12,mothbeans
16.0,54.0,24.0,30.82,61.77,5.65,74.67,mothbeans
3.0,39.0,17.0,27.76,59.0,4.21,50.13,mothbeans
8.0,41.0,19.0,25.9,43.41,6.91,30.23,mothbeans
12.0,47.0,17.0,31.14,54.45,8.57,47.87,mothbeans
4.0,43.0,15.0,25.43,59.94,6.33,73.88,mothbeans
20.0,42.0,25.0,26.67,40.95,9.4,59.04,mothbeans
2.0,58.0,17.0,31.19,56.9,4.31,30.71,mothbeans
34.0,56.0,18.0,28.58,63.53,8.42,67.55,mothbeans
32.0,48.0,23.0,25.03,55.75,9.06,38.82,mothbeans
2.0,37.0,20.0,25.53,62.4,5.89,69.84,mothbeans
12.0,52.0,15.0,29.97,62.77,5.17,71.35,mothbeans
34.0,36.0,23.0,31.03,40.93,9.47,68.6,mothbeans
29.0,47.0,25.0,29.25,63.27,6.27,43.38,mothbeans
13.0,39.0,17.0,28.33,59.25,7.87,62.36,mothbeans
28.0,49.0,23.0,24.3,53.18,4.01,45.19,mothbeans
1.0,42.0,19.0,30.19,58.89,5.81,35.23,mothbeans
38.0,40.0,20.0,31.0,47.53,9.14,73.21,mothbeans
11.0,43.0,21.0,25.77,62.09,7.62,51.02,mothbeans
32.0,46.0,17.0,28.61,53.57,6.28,46.55,mothbeans
2.0,55.0,20.0,31.15,47.36,6.52,41.28,mothbeans
5.0,43.0,17.0,27.78,44.06,4.71,63.14,mothbeans
40.0,44.0,23.0,31.96,42.46,4.71,52.91,mothbeans
1.0,56.0,20.0,30.27,41.44,9.3,69.28,mothbeans
30.0,46.0,21.0,24.98,49.1,6.06,60.6,mothbeans
5.0,44.0,25.0,30.88,50.62,8.4,54.05,mothbeans
5.0,50.0,21.0,26.29,43.85,9.48,42.77,mothbeans
21.0,44.0,17.0,29.71,53.16,9.79,65.1,mothbeans
12.0,44.0,16.0,24.73,46.32,6.05,46.85,mothbeans
20.0,41.0,19.0,24.21,59.59,7.98,65.14,mothbeans
18.0,52.0,18.0,30.61,41.62,9.09,30.14,mothbeans
12.0,53.0,22.0,29.69,44.5,4.01,66.71,mothbeans
18.0,39.0,18.0,27.32,45.2,5.5,41.0,mothbeans
31.0,49.0,24.0,26.0,59.78,3.63,41.51,mothbeans
27.0,42.0,18.0,28.12,52.18,7.0,45.7,mothbeans
12.0,56.0,18.0,29.15,56.89,8.17,33.27,mothbeans
6.0,41.0,24.0,27.66,63.64,9.98,51.12,mothbeans
25.0,50.0,16.0,25.86,52.4,8.29,70.39,mothbeans
28.0,44.0,18.0,28.57,48.74,6.29,35.11,mothbeans
27.0,51.0,19.0,24.77,62.39,7.33,43.47,mothbeans
21.0,48.0,22.0,29.14,87.69,6.95,45.91,mungbean
24.0,47.0,16.0,27.53,86.72,6.54,39.31,mungbean
7.0,46.0,21.0,27.01,86.33,7.28,58.12,mungbean
37.0,50.0,20.0,28.59,81.01,7.11,47.68,mungbean
0.0,59.0,24.0,29.41,84.55,6.63,59.33,mungbean
36.0,48.0,22.0,27.7,87.83,6.17,58.97,mungbean
3.0,55.0,20.0,27.47,84.68,7.02,44.64,mungbean
4.0,38.0,19.0,29.07,80.68,7.44,49.52,mungbean
23.0,35.0,18.0,29.83,85.81,7.43,45.35,mungbean
22.0,58.0,20.0,28.02,83.52,6.02,42.25,mungbean
37.0,52.0,16.0,27.28,84.54,7.39,41.01,mungbean
26.0,50.0,24.0,27.71,80.95,6.15,38.88,mungbean
32.0,56.0,23.0,27.03,82.79,7.37,55.59,mungbean
24.0,38.0,21.0,29.81,85.97,6.34,44.81,mungbean
22.0,49.0,24.0,27.24,86.64,6.65,38.93,mungbean
30.0,43.0,18.0,29.44,82.4,7.18,40.92,mungbean
32.0,39.0,23.0,29.69,89.43,6.85,56.76,mungbean
37.0,37.0,21.0,28.89,86.02,6.6,47.4,mungbean
10.0,42.0,18.0,29.99,80.11,7.17,48.38,mungbean
30.0,44.0,22.0,28.09,81.5,7.28,37.91,mungbean
27.0,38.0,20.0,28.58,81.16,7.31,57.75,mungbean
15.0,37.0,20.0,28.37,88.86,6.17,52.3,mungbean
13.0,41.0,23.0,29.76,89.77,6.29,36.75,mungbean
15.0,37.0,17.0,29.29,80.58,7.29,37.03,mungbean
8.0,51.0,22.0,27.13,81.43,6.41,41.44,mungbean
18.0,45.0,23.0,27.87,82.01,6.42,50.24,mungbean
37.0,38.0,17.0,27.54,83.59,7.34,50.23,mungbean
17.0,47.0,16.0,29.37,87.53,6.27,44.12,mungbean
40.0,50.0,17.0,28.86,87.76,7.46,57.7,mungbean
27.0,42.0,21.0,27.9,88.33,7.15,42.35,mungbean
38.0,42.0,19.0,28.77,81.92,6.14,50.74,mungbean
37.0,41.0,20.0,27.34,84.77,7.41,58.33,mungbean
0.0,36.0,22.0,27.02,88.32,7.02,48.09,mungbean
31.0,38.0,18.0,27.48,82.68,7.26,43.54,mungbean
29.0,41.0,20.0,27.46,83.56,6.39,39.45,mungbean
24.0,59.0,20.0,29.76,89.38,6.87,56.93,mungbean
19.0,42.0,23.0,28.88,82.14,6.04,57.51,mungbean
22.0,44.0,22.0,29.28,80.15,6.54,47.01,mungbean
28.0,59.0,20.0,27.33,87.94,7.2,37.35,mungbean
30.0,55.0,17.0,28.51,87.19,6.3,59.1,mungbean
25.0,40.0,23.0,27.8,84.11,7.46,54.01,mungbean
32.0,57.0,19.0,27.22,80.54,7.1,41.57,mungbean
30.0,43.0,17.0,27.95,80.44,6.13,49.68,mungbean
30.0,36.0,15.0,27.69,83.01,6.88,38.93,mungbean
28.0,41.0,17.0,28.78,85.37,7.14,41.78,mungbean
21.0,46.0,22.0,29.26,88.29,6.7,42.12,mungbean
3.0,37.0,22.0,28.95,87.48,7.35,36.3,mungbean
3.0,50.0,25.0,29.19,81.34,6.96,49.08,mungbean
27.0,37.0,22.0,28.31,83.64,6.3,47.47,mungbean
38.0,53.0,17.0,29.57,83.5,6.18,55.43,mungbean
12.0,38.0,18.0,27.15,86.41,6.25,56.2,mungbean
35.0,36.0,20.0,27.59,81.59,7.36,49.22,mungbean
15.0,46.0,25.0,28.64,89.89,7.24,49.63,mungbean
27.0,38.0,17.0,28.79,80.71,7.23,54.67,mungbean
23.0,43.0,16.0,29.47,81.66,7.26,53.93,mungbean
11.0,49.0,17.0,28.58,89.61,7.42,57.76,mungbean
17.0,36.0,16.0,27.46,82.83,6.58,43.33,mungbean
3.0,41.0,24.0,28.22,81.7,6.31,46.88,mungbean
6.0,42.0,24.0,29.62,86.95,6.97,45.23,mungbean
11.0,46.0,18.0,27.19,82.57,6.28,59.22,mungbean
36.0,59.0,21.0,29.7,82.44,7.43,43.72,mungbean
14.0,46.0,15.0,28.87,88.69,6.62,51.63,mungbean
19.0,35.0,20.0,29.29,86.88,7.43,44.57,mungbean
26.0,52.0,18.0,28.55,81.38,6.38,56.61,mungbean
36.0,39.0,21.0,29.44,86.14,6.5,49.27,mungbean
9.0,47.0,16.0,27.09,89.4,6.13,46.86,mungbean
8.0,49.0,21.0,27.47,82.08,6.78,46.21,mungbean
24.0,45.0,17.0,29.14,84.19,7.11,58.95,mungbean
4.0,50.0,16.0,27.98,81.72,6.79,46.91,mungbean
34.0,59.0,18.0,28.59,86.02,7.23,36.77,mungbean
14.0,43.0,25.0,29.79,82.8,6.9,41.57,mungbean
35.0,49.0,15.0,27.47,85.61,6.1,50.53,mungbean
7.0,48.0,15.0,27.21,87.38,7.04,48.45,mungbean
27.0,38.0,20.0,29.25,84.33,6.68,57.32,mungbean
19.0,50.0,16.0,28.84,85.2,6.51,46.27,mungbean
36.0,60.0,22.0,28.79,80.98,6.96,59.49,mungbean
22.0,51.0,16.0,29.78,85.94,6.91,38.11,mungbean
2.0,36.0,22.0,29.03,84.1,6.63,36.63,mungbean
37.0,50.0,19.0,28.69,86.68,6.4,47.47,mungbean
7.0,57.0,24.0,29.9,87.58,6.23,36.43,mungbean
26.0,43.0,16.0,27.79,89.04,6.52,54.92,mungbean
27.0,48.0,18.0,29.76,88.67,7.15,40.68,mungbean
17.0,35.0,25.0,29.54,83.97,6.95,48.64,mungbean
24.0,58.0,17.0,29.96,89.5,6.6,51.26,mungbean
27.0,35.0,24.0,28.82,89.81,6.32,48.17,mungbean
4.0,56.0,20.0,28.2,87.24,6.33,45.64,mungbean
37.0,52.0,19.0,27.79,85.75,6.84,59.45,mungbean
9.0,38.0,16.0,27.3,85.15,6.54,51.91,mungbean
25.0,54.0,23.0,27.11,89.65,7.33,45.74,mungbean
31.0,38.0,23.0,29.49,87.25,7.23,52.71,mungbean
23.0,57.0,22.0,28.24,88.86,6.54,37.98,mungbean
1.0,59.0,21.0,28.67,80.72,7.13,45.89,mungbean
19.0,43.0,17.0,27.96,82.37,6.23,53.32,mungbean
7.0,45.0,17.0,28.9,85.8,7.42,43.58,mungbean
19.0,43.0,20.0,29.7,89.86,6.25,59.67,mungbean
30.0,57.0,23.0,29.82,89.96,6.4,58.46,mungbean
28.0,52.0,20.0,29.9,80.82,6.22,44.7,mungbean
2.0,50.0,22.0,28.38,84.5,6.49,56.98,mungbean
9.0,46.0,20.0,29.0,84.95,6.28,56.7,mungbean
33.0,37.0,24.0,28.92,81.1,6.73,39.46,mungbean
30.0,67.0,22.0,27.17,61.77,6.99,65.21,blackgram
48.0,57.0,21.0,25.44,60.52,6.72,67.72,blackgram
25.0,72.0,20.0,32.36,61.3,7.12,60.84,blackgram
26.0,70.0,22.0,32.44,64.68,6.88,73.25,blackgram
57.0,63.0,23.0,28.33,66.96,6.55,63.62,blackgram
34.0,72.0,24.0,29.68,62.45,6.63,68.75,blackgram
56.0,72.0,25.0,30.75,65.64,7.31,61.48,blackgram
35.0,73.0,18.0,32.94,60.68,7.42,69.48,blackgram
60.0,80.0,24.0,30.92,60.19,7.0,63.3,blackgram
56.0,64.0,19.0,29.1,60.89,6.69,66.48,blackgram
34.0,57.0,15.0,31.88,61.34,7.15,70.78,blackgram
56.0,58.0,21.0,33.06,63.08,7.11,60.58,blackgram
28.0,79.0,20.0,33.78,64.5,6.91,65.99,blackgram
43.0,58.0,22.0,32.3,61.55,6.98,65.34,blackgram
30.0,71.0,19.0,27.36,67.34,6.97,71.26,blackgram
42.0,67.0,20.0,31.32,64.0,7.19,69.74,blackgram
41.0,73.0,21.0,31.63,68.86,6.65,70.54,blackgram
50.0,66.0,24.0,27.91,60.14,6.83,61.19,blackgram
28.0,59.0,19.0,27.77,64.27,7.38,67.77,blackgram
51.0,80.0,22.0,32.15,60.45,6.63,64.95,blackgram
41.0,73.0,22.0,30.03,61.75,6.7,61.41,blackgram
43.0,73.0,16.0,29.86,64.94,6.7,65.66,blackgram
34.0,64.0,18.0,25.69,61.65,7.3,69.38,blackgram
28.0,78.0,20.0,28.58,66.02,7.28,67.74,blackgram
47.0,80.0,24.0,26.25,60.55,6.84,67.71,blackgram
34.0,63.0,24.0,32.66,66.67,6.87,68.36,blackgram
22.0,76.0,18.0,33.36,60.02,7.28,63.17,blackgram
43.0,56.0,23.0,29.47,62.61,6.54,62.66,blackgram
24.0,66.0,23.0,33.91,60.19,6.77,63.7,blackgram
31.0,80.0,19.0,25.73,69.17,6.82,64.63,blackgram
29.0,69.0,24.0,27.28,67.91,7.03,71.47,blackgram
51.0,58.0,23.0,33.94,63.94,7.25,65.47,blackgram
58.0,75.0,22.0,25.21,63.89,7.15,63.4,blackgram
46.0,56.0,16.0,28.22,62.55,7.22,61.23,blackgram
21.0,73.0,23.0,30.9,65.58,6.6,68.28,blackgram
60.0,70.0,20.0,26.26,60.85,7.49,67.87,blackgram
56.0,64.0,16.0,25.99,69.14,6.92,72.99,blackgram
54.0,60.0,20.0,32.19,68.05,6.51,62.05,blackgram
53.0,73.0,17.0,33.86,68.81,6.57,72.38,blackgram
32.0,66.0,23.0,26.75,66.44,7.14,69.56,blackgram
24.0,69.0,22.0,33.63,69.99,6.88,68.56,blackgram
58.0,66.0,24.0,31.5,61.25,7.38,70.69,blackgram
31.0,66.0,22.0,33.28,62.63,7.17,64.65,blackgram
51.0,75.0,19.0,28.01,64.19,7.42,65.58,blackgram
40.0,79.0,20.0,29.85,61.95,7.05,73.65,blackgram
34.0,70.0,17.0,33.6,63.6,7.24,66.65,blackgram
59.0,64.0,18.0,29.06,64.74,6.66,65.53,blackgram
48.0,70.0,16.0,31.76,68.2,6.78,62.05,blackgram
38.0,79.0,15.0,28.7,69.71,7.23,74.36,blackgram
56.0,79.0,20.0,29.6,62.54,7.33,70.64,blackgram
30.0,56.0,20.0,34.56,69.39,7.29,71.76,blackgram
34.0,75.0,17.0,28.1,63.62,7.23,62.44,blackgram
27.0,65.0,22.0,30.28,61.82,7.36,73.09,blackgram
36.0,74.0,18.0,31.3,69.2,6.82,68.87,blackgram
30.0,60.0,18.0,26.93,69.45,7.46,74.78,blackgram
33.0,76.0,25.0,31.45,62.76,7.47,71.96,blackgram
37.0,56.0,25.0,29.09,63.1,7.27,68.84,blackgram
32.0,75.0,23.0,28.94,64.09,7.07,61.99,blackgram
21.0,78.0,15.0,27.07,63.67,6.96,60.79,blackgram
38.0,63.0,17.0,27.87,67.06,6.91,69.43,blackgram
23.0,64.0,19.0,32.95,62.12,7.46,70.69,blackgram
30.0,58.0,23.0,25.79,61.31,7.14,71.38,blackgram
45.0,58.0,25.0,31.48,62.07,7.13,66.7,blackgram
53.0,60.0,21.0,29.14,66.79,7.48,60.67,blackgram
29.0,60.0,15.0,32.36,66.47,7.4,61.52,blackgram
25.0,78.0,22.0,32.79,67.7,7.34,63.55,blackgram
21.0,75.0,16.0,27.67,62.06,7.25,60.37,blackgram
26.0,66.0,22.0,25.8,61.87,7.05,72.14,blackgram
34.0,66.0,15.0,26.77,60.8,6.66,66.04,blackgram
36.0,60.0,20.0,29.38,66.25,6.72,71.59,blackgram
31.0,69.0,23.0,32.83,62.01,7.29,64.59,blackgram
49.0,64.0,16.0,31.74,64.84,6.77,65.54,blackgram
57.0,69.0,19.0,34.56,67.88,7.0,66.38,blackgram
48.0,79.0,23.0,29.79,69.64,6.77,70.92,blackgram
49.0,68.0,19.0,25.15,62.49,6.98,63.81,blackgram
53.0,60.0,16.0,30.26,64.5,7.36,62.61,blackgram
32.0,66.0,16.0,28.03,68.38,6.95,60.73,blackgram
36.0,64.0,21.0,32.12,61.97,7.07,69.57,blackgram
21.0,73.0,24.0,26.48,61.51,6.51,67.93,blackgram
48.0,74.0,16.0,27.67,69.45,7.31,67.01,blackgram
24.0,76.0,17.0,26.23,66.35,6.94,71.02,blackgram
43.0,74.0,15.0,27.55,68.91,7.12,68.47,blackgram
40.0,69.0,18.0,29.01,62.75,7.33,62.53,blackgram
49.0,78.0,24.0,28.82,62.67,6.88,72.94,blackgram
29.0,75.0,17.0,31.59,65.55,6.96,67.52,blackgram
24.0,74.0,24.0,34.77,67.23,6.57,66.41,blackgram
58.0,74.0,22.0,34.9,62.76,7.37,71.37,blackgram
24.0,65.0,21.0,33.78,64.92,6.67,73.43,blackgram
21.0,76.0,19.0,34.36,69.73,6.59,72.7,blackgram
54.0,58.0,18.0,30.28,66.07,7.31,74.65,blackgram
59.0,73.0,21.0,30.67,62.75,6.61,65.7,blackgram
52.0,72.0,19.0,25.04,62.23,7.06,64.86,blackgram
29.0,70.0,24.0,26.65,66.93,7.44,72.7,blackgram
47.0,76.0,15.0,26.63,68.8,6.68,63.79,blackgram
38.0,64.0,17.0,25.93,69.25,6.82,66.5,blackgram
53.0,70.0,25.0,26.57,68.26,7.27,60.2,blackgram
35.0,65.0,18.0,31.43,62.69,7.43,73.13,blackgram
43.0,57.0,25.0,25.37,68.35,6.56,63.09,blackgram
35.0,75.0,24.0,28.2,68.53,6.96,71.08,blackgram
46.0,73.0,17.0,31.5,68.9,6.9,70.58,blackgram
17.0,78.0,17.0,24.12,64.8,6.64,46.56,lentil
19.0,74.0,17.0,22.44,62.98,6.82,39.13,lentil
12.0,72.0,18.0,27.61,68.46,6.29,53.5,lentil
0.0,71.0,17.0,28.41,63.62,6.39,40.97,lentil
40.0,76.0,21.0,25.8,60.22,5.51,46.9,lentil
10.0,69.0,18.0,21.9,61.54,5.82,43.69,lentil
13.0,62.0,23.0,26.85,66.87,7.41,51.84,lentil
1.0,62.0,23.0,28.6,69.08,5.81,40.32,lentil
31.0,76.0,20.0,25.71,61.34,6.0,54.47,lentil
11.0,78.0,24.0,26.89,62.53,6.36,54.27,lentil
29.0,78.0,18.0,26.67,60.11,6.42,44.03,lentil
18.0,79.0,16.0,25.34,66.84,6.34,35.71,lentil
0.0,67.0,20.0,21.88,60.4,7.27,48.65,lentil
28.0,71.0,19.0,20.88,65.15,6.48,40.9,lentil
4.0,58.0,21.0,19.42,62.43,5.81,52.18,lentil
30.0,65.0,24.0,26.68,67.05,6.72,36.15,lentil
13.0,59.0,22.0,25.37,64.41,5.68,42.84,lentil
12.0,74.0,24.0,23.07,64.25,7.46,45.71,lentil
38.0,70.0,18.0,27.3,60.89,7.23,43.7,lentil
2.0,55.0,20.0,29.58,67.0,6.13,50.96,lentil
16.0,71.0,23.0,21.45,60.14,6.89,38.24,lentil
37.0,71.0,18.0,22.95,63.37,6.84,45.37,lentil
17.0,73.0,19.0,18.19,62.44,5.93,37.86,lentil
30.0,68.0,22.0,27.97,60.15,6.92,48.89,lentil
34.0,71.0,21.0,27.23,62.54,6.99,49.52,lentil
10.0,75.0,18.0,26.82,60.27,6.78,50.89,lentil
26.0,57.0,24.0,29.1,67.36,5.55,38.28,lentil
32.0,68.0,16.0,26.74,65.45,6.22,37.82,lentil
1.0,75.0,17.0,23.47,69.03,6.25,39.74,lentil
1.0,75.0,18.0,20.79,66.93,6.29,50.02,lentil
5.0,67.0,18.0,28.34,61.37,5.76,44.44,lentil
39.0,71.0,17.0,18.41,65.33,6.88,42.38,lentil
8.0,66.0,17.0,20.59,63.85,7.09,54.49,lentil
37.0,74.0,22.0,21.49,65.95,6.88,46.84,lentil
39.0,79.0,17.0,21.42,62.26,6.45,53.75,lentil
16.0,68.0,23.0,27.86,60.23,6.56,45.94,lentil
21.0,70.0,23.0,23.99,66.98,6.79,50.38,lentil
2.0,76.0,19.0,27.07,69.99,6.93,38.41,lentil
35.0,75.0,16.0,23.77,61.25,7.2,43.96,lentil
20.0,56.0,23.0,22.37,63.74,6.34,51.13,lentil
30.0,59.0,15.0,28.69,64.39,7.13,49.35,lentil
34.0,61.0,25.0,29.72,69.02,7.09,36.28,lentil
20.0,66.0,16.0,23.59,63.47,6.54,35.44,lentil
23.0,72.0,16.0,23.03,69.88,6.78,41.02,lentil
3.0,69.0,24.0,24.42,69.16,7.34,52.32,lentil
33.0,73.0,22.0,18.04,61.43,6.43,42.17,lentil
17.0,74.0,20.0,22.96,64.72,6.73,53.63,lentil
29.0,67.0,21.0,26.81,63.87,7.38,52.97,lentil
11.0,65.0,22.0,23.32,68.37,6.4,36.29,lentil
14.0,77.0,20.0,19.78,64.7,6.02,44.09,lentil
14.0,68.0,22.0,18.57,68.58,6.53,37.94,lentil
36.0,71.0,17.0,28.69,67.1,6.17,47.83,lentil
30.0,69.0,21.0,28.99,66.24,6.78,42.56,lentil
25.0,70.0,16.0,19.53,69.31,6.43,46.83,lentil
17.0,61.0,19.0,22.33,63.0,6.44,51.92,lentil
34.0,66.0,21.0,27.09,60.39,7.48,49.96,lentil
23.0,76.0,24.0,28.34,67.0,7.15,42.96,lentil
25.0,69.0,20.0,27.72,61.49,7.42,37.92,lentil
30.0,60.0,22.0,28.05,65.41,5.56,47.4,lentil
17.0,61.0,17.0,29.76,65.06,5.5,42.78,lentil
10.0,62.0,21.0,23.3,68.37,7.1,41.91,lentil
37.0,79.0,19.0,27.06,61.98,7.33,45.39,lentil
6.0,63.0,18.0,18.41,68.56,6.12,49.29,lentil
21.0,71.0,18.0,23.28,65.37,6.85,45.33,lentil
32.0,62.0,22.0,27.04,63.66,5.55,41.61,lentil
36.0,78.0,19.0,25.64,65.91,6.21,38.5,lentil
27.0,62.0,18.0,29.97,65.7,5.68,51.03,lentil
14.0,75.0,24.0,19.49,66.4,7.19,48.33,lentil
24.0,69.0,16.0,19.71,60.15,6.42,39.15,lentil
2.0,72.0,17.0,27.69,65.83,5.53,36.02,lentil
25.0,76.0,23.0,21.01,67.06,6.78,52.37,lentil
39.0,57.0,18.0,23.42,61.1,6.77,43.03,lentil
30.0,58.0,24.0,26.25,60.47,6.78,35.82,lentil
35.0,59.0,16.0,26.18,67.97,7.01,46.45,lentil
3.0,70.0,18.0,26.01,61.19,5.66,52.1,lentil
10.0,72.0,15.0,27.47,69.92,6.09,42.23,lentil
9.0,60.0,22.0,18.1,67.37,5.92,35.04,lentil
22.0,66.0,18.0,18.0,61.77,7.14,44.93,lentil
6.0,67.0,19.0,27.25,64.67,6.26,49.62,lentil
21.0,68.0,18.0,25.66,62.2,7.36,51.99,lentil
20.0,58.0,20.0,18.24,62.72,6.46,53.72,lentil
29.0,64.0,19.0,22.52,63.08,7.12,53.06,lentil
18.0,61.0,16.0,25.03,67.17,6.29,45.58,lentil
19.0,80.0,24.0,21.8,65.28,6.94,38.55,lentil
32.0,56.0,21.0,20.42,68.9,7.21,44.66,lentil
24.0,71.0,24.0,29.43,65.52,6.78,42.23,lentil
29.0,75.0,17.0,28.01,64.56,6.4,36.45,lentil
17.0,71.0,23.0,22.37,68.98,5.93,53.05,lentil
2.0,70.0,20.0,20.58,64.42,5.73,54.36,lentil
2.0,64.0,21.0,24.04,61.85,6.79,52.11,lentil
25.0,61.0,16.0,18.2,62.99,7.34,52.54,lentil
4.0,79.0,22.0,24.28,65.81,5.64,48.19,lentil
17.0,79.0,19.0,24.05,66.15,6.48,41.17,lentil
32.0,69.0,18.0,21.09,63.77,6.55,35.48,lentil
6.0,73.0,20.0,26.26,60.4,5.97,47.62,lentil
33.0,56.0,21.0,20.91,61.59,5.7,50.34,lentil
30.0,61.0,21.0,21.32,68.48,6.44,43.98,lentil
16.0,59.0,16.0,18.84,64.51,5.83,48.69,lentil
40.0,69.0,22.0,28.59,69.48,6.16,53.55,lentil
22.0,80.0,15.0,22.27,65.37,5.92,51.53,lentil
13.0,20.0,41.0,19.15,92.59,7.12,103.56,pomegranate
22.0,29.0,42.0,21.36,91.45,5.86,114.24,pomegranate
1.0,17.0,40.0,22.94,93.69,6.69,103.45,pomegranate
37.0,26.0,38.0,23.16,93.24,5.63,113.91,pomegranate
35.0,14.0,42.0,18.24,87.97,6.13,101.87,pomegranate
24.0,11.0,35.0,18.47,92.9,6.87,102.8,pomegranate
15.0,17.0,42.0,23.77,89.03,6.22,109.3,pomegranate
6.0,29.0,42.0,22.52,92.8,6.66,101.67,pomegranate
17.0,7.0,44.0,21.61,90.57,7.38,106.72,pomegranate
5.0,15.0,40.0,19.06,85.41,6.93,114.1,pomegranate
35.0,29.0,39.0,19.8,94.72,6.1,110.79,pomegranate
6.0,28.0,43.0,24.41,92.38,6.78,102.6,pomegranate
3.0,13.0,38.0,20.14,88.39,5.84,111.84,pomegranate
23.0,17.0,44.0,21.36,93.53,7.48,101.83,pomegranate
2.0,7.0,39.0,19.64,90.9,6.65,110.49,pomegranate
2.0,27.0,43.0,24.71,91.3,7.05,102.17,pomegranate
20.0,29.0,39.0,18.15,89.65,6.53,107.53,pomegranate
4.0,30.0,44.0,21.37,90.03,7.18,112.45,pomegranate
28.0,7.0,40.0,21.0,92.65,7.01,108.75,pomegranate
27.0,12.0,35.0,19.03,89.54,6.44,107.3,pomegranate
8.0,29.0,36.0,20.37,94.12,5.61,106.59,pomegranate
16.0,24.0,36.0,23.35,88.15,5.92,109.03,pomegranate
34.0,14.0,38.0,24.87,91.02,5.84,109.24,pomegranate
26.0,11.0,41.0,21.38,90.43,6.18,102.13,pomegranate
31.0,25.0,42.0,24.67,91.72,7.3,102.45,pomegranate
12.0,12.0,37.0,20.31,93.22,5.68,107.55,pomegranate
21.0,17.0,45.0,19.85,91.79,5.97,103.16,pomegranate
38.0,27.0,36.0,19.98,94.66,7.29,114.54,pomegranate
12.0,6.0,35.0,20.59,92.51,5.53,103.35,pomegranate
16.0,21.0,37.0,22.02,91.09,6.38,101.58,pomegranate
34.0,18.0,43.0,21.9,94.1,5.87,102.6,pomegranate
8.0,24.0,42.0,19.51,86.0,6.6,112.61,pomegranate
25.0,17.0,37.0,19.85,87.77,7.19,112.45,pomegranate
1.0,11.0,42.0,22.03,86.57,5.86,105.79,pomegranate
4.0,27.0,41.0,22.32,86.45,6.39,114.12,pomegranate
30.0,21.0,43.0,24.45,94.59,6.45,101.69,pomegranate
0.0,25.0,40.0,24.39,90.17,6.48,104.0,pomegranate
5.0,12.0,40.0,24.0,89.7,5.58,107.98,pomegranate
39.0,21.0,37.0,22.33,89.39,5.78,114.3,pomegranate
31.0,23.0,38.0,19.15,90.13,7.03,108.25,pomegranate
7.0,29.0,36.0,18.3,91.94,6.64,100.39,pomegranate
19.0,6.0,45.0,24.01,93.09,6.52,107.1,pomegranate
13.0,21.0,42.0,20.11,91.73,6.22,100.79,pomegranate
22.0,30.0,36.0,20.88,88.03,6.31,101.11,pomegranate
7.0,15.0,41.0,18.94,91.92,6.96,109.01,pomegranate
11.0,23.0,37.0,19.61,92.24,7.38,104.03,pomegranate
25.0,11.0,44.0,19.0,90.02,5.53,100.1,pomegranate
21.0,19.0,37.0,20.67,91.37,6.2,110.42,pomegranate
18.0,29.0,44.0,20.3,89.46,6.64,100.14,pomegranate
7.0,24.0,38.0,21.37,90.68,7.43,103.94,pomegranate
13.0,28.0,38.0,18.5,86.74,5.71,113.88,pomegranate
10.0,20.0,42.0,23.82,86.11,5.99,103.84,pomegranate
24.0,21.0,40.0,24.97,93.37,6.84,108.72,pomegranate
10.0,17.0,36.0,22.37,90.94,6.93,111.52,pomegranate
10.0,23.0,44.0,21.41,89.76,7.34,102.05,pomegranate
36.0,13.0,38.0,21.86,91.14,5.62,101.4,pomegranate
22.0,20.0,42.0,21.08,88.47,5.82,104.8,pomegranate
32.0,15.0,43.0,22.46,88.03,5.51,100.01,pomegranate
30.0,30.0,42.0,21.59,93.97,7.32,111.65,pomegranate
14.0,6.0,37.0,23.75,89.71,6.76,109.34,pomegranate
33.0,28.0,45.0,20.65,93.86,7.05,103.09,pomegranate
36.0,28.0,41.0,18.46,94.42,6.58,107.83,pomegranate
4.0,19.0,40.0,21.22,86.31,5.66,112.98,pomegranate
20.0,19.0,42.0,21.76,94.56,6.07,111.37,pomegranate
8.0,16.0,44.0,19.12,85.69,6.92,102.53,pomegranate
38.0,10.0,44.0,18.02,87.17,7.3,114.5,pomegranate
28.0,20.0,36.0,19.95,85.52,7.35,114.39,pomegranate
19.0,15.0,41.0,24.07,94.28,5.76,113.42,pomegranate
23.0,30.0,36.0,22.24,94.56,5.62,101.18,pomegranate
8.0,21.0,37.0,23.51,92.62,5.56,113.23,pomegranate
5.0,29.0,40.0,22.24,91.61,5.61,106.61,pomegranate
4.0,10.0,44.0,18.66,86.52,7.18,102.33,pomegranate
31.0,11.0,39.0,24.04,91.35,6.31,102.36,pomegranate
17.0,9.0,41.0,18.29,92.91,5.65,103.65,pomegranate
13.0,22.0,39.0,21.47,85.09,7.15,114.28,pomegranate
26.0,11.0,41.0,23.23,85.84,7.15,107.92,pomegranate
18.0,14.0,40.0,23.29,89.67,6.87,104.33,pomegranate
6.0,26.0,40.0,24.23,90.58,5.66,108.61,pomegranate
20.0,27.0,38.0,24.79,92.81,7.28,100.55,pomegranate
13.0,12.0,43.0,24.38,94.01,7.12,109.21,pomegranate
14.0,19.0,40.0,18.07,85.77,7.39,100.79,pomegranate
37.0,13.0,35.0,20.84,89.4,5.93,112.05,pomegranate
14.0,22.0,39.0,21.56,92.01,7.31,109.41,pomegranate
11.0,6.0,43.0,24.36,91.72,6.62,113.05,pomegranate
3.0,22.0,43.0,18.17,93.95,5.9,106.1,pomegranate
22.0,13.0,36.0,22.85,89.8,6.15,114.96,pomegranate
39.0,9.0,40.0,24.67,90.2,6.36,103.17,pomegranate
22.0,24.0,40.0,20.25,94.53,5.63,113.76,pomegranate
13.0,7.0,36.0,19.97,85.72,6.87,109.84,pomegranate
39.0,7.0,39.0,18.62,89.25,5.66,109.54,pomegranate
31.0,19.0,36.0,23.53,90.21,6.09,112.0,pomegranate
25.0,30.0,37.0,23.48,87.08,7.35,104.95,pomegranate
36.0,5.0,41.0,23.88,86.95,7.37,103.16,pomegranate
18.0,8.0,38.0,19.24,86.85,6.31,109.97,pomegranate
9.0,7.0,44.0,21.74,90.51,5.89,101.68,pomegranate
5.0,6.0,38.0,20.3,94.57,7.22,104.93,pomegranate
15.0,25.0,40.0,22.49,87.35,6.38,112.37,pomegranate
9.0,16.0,38.0,24.09,85.23,5.59,111.84,pomegranate
21.0,19.0,37.0,18.09,94.93,5.66,107.73,pomegranate
4.0,16.0,45.0,18.07,85.54,6.64,105.52,pomegranate
106.0,87.0,47.0,29.82,75.34,5.95,107.2,banana
107.0,84.0,48.0,26.45,84.76,5.78,104.82,banana
95.0,72.0,50.0,29.94,81.21,5.57,96.43,banana
112.0,75.0,54.0,25.41,82.52,5.82,112.9,banana
85.0,85.0,54.0,27.69,75.55,5.94,116.78,banana
109.0,78.0,55.0,28.02,79.12,6.26,109.62,banana
83.0,81.0,48.0,27.45,83.41,6.07,117.02,banana
118.0,81.0,52.0,27.45,77.27,5.69,105.88,banana
84.0,77.0,50.0,28.07,76.98,5.75,111.83,banana
97.0,81.0,48.0,26.51,79.28,5.61,103.71,banana
88.0,78.0,49.0,27.85,75.2,6.22,99.53,banana
81.0,94.0,47.0,26.88,79.04,6.16,107.9,banana
103.0,81.0,47.0,29.71,81.77,6.36,117.41,banana
118.0,74.0,49.0,25.1,79.25,6.03,90.59,banana
114.0,85.0,49.0,27.56,82.99,5.8,92.87,banana
113.0,95.0,54.0,29.87,78.63,5.93,114.37,banana
89.0,94.0,54.0,27.26,83.38,6.15,100.93,banana
86.0,83.0,48.0,28.61,79.42,5.65,111.8,banana
100.0,94.0,47.0,27.05,75.33,6.42,114.61,banana
109.0,81.0,46.0,26.02,79.24,6.15,90.43,banana
98.0,93.0,45.0,26.75,83.63,6.05,95.68,banana
114.0,71.0,47.0,29.44,75.28,6.06,98.25,banana
99.0,91.0,48.0,26.85,79.18,5.92,106.63,banana
114.0,93.0,54.0,27.55,75.06,6.09,112.49,banana
81.0,84.0,46.0,28.23,77.57,6.16,111.89,banana
82.0,82.0,51.0,25.2,82.5,6.37,113.25,banana
81.0,79.0,47.0,29.04,76.13,6.21,119.11,banana
91.0,88.0,55.0,27.71,83.01,6.01,112.97,banana
86.0,82.0,55.0,29.47,84.66,5.89,115.91,banana
100.0,89.0,53.0,25.57,77.28,6.44,112.45,banana
91.0,80.0,55.0,26.34,82.47,5.71,102.39,banana
114.0,90.0,47.0,29.42,83.61,6.4,105.86,banana
91.0,80.0,54.0,26.59,80.0,6.19,92.51,banana
107.0,92.0,48.0,28.52,83.16,5.9,95.61,banana
98.0,92.0,50.0,25.29,76.27,5.95,108.01,banana
97.0,87.0,47.0,28.75,81.11,6.26,103.75,banana
89.0,77.0,53.0,27.68,78.79,5.66,101.99,banana
88.0,83.0,47.0,29.11,77.89,5.63,113.42,banana
86.0,71.0,53.0,28.63,81.19,6.44,95.14,banana
91.0,70.0,45.0,25.49,82.63,6.11,102.31,banana
111.0,83.0,45.0,28.64,79.52,5.56,94.89,banana
89.0,76.0,55.0,28.63,81.77,6.1,112.19,banana
86.0,91.0,52.0,27.59,79.33,5.81,100.96,banana
105.0,82.0,54.0,25.48,76.77,5.51,117.63,banana
95.0,88.0,54.0,28.35,84.22,6.15,106.38,banana
86.0,83.0,45.0,26.83,82.0,6.43,102.67,banana
86.0,87.0,48.0,26.73,81.57,5.78,100.01,banana
101.0,71.0,48.0,25.85,81.04,5.95,116.15,banana
113.0,87.0,49.0,26.79,79.36,6.05,115.8,banana
117.0,75.0,54.0,25.51,80.72,5.77,93.62,banana
107.0,87.0,53.0,29.52,83.76,5.99,100.29,banana
88.0,72.0,48.0,26.49,84.87,6.15,114.91,banana
86.0,95.0,48.0,26.68,76.72,5.75,96.91,banana
89.0,90.0,50.0,28.46,83.17,6.29,111.4,banana
113.0,77.0,50.0,25.3,82.34,5.71,104.1,banana
86.0,72.0,51.0,25.64,78.96,5.98,100.55,banana
115.0,82.0,47.0,25.73,80.59,5.54,105.86,banana
81.0,81.0,53.0,28.35,79.29,5.83,114.95,banana
107.0,70.0,52.0,29.18,79.89,5.67,96.76,banana
104.0,72.0,50.0,30.0,76.2,6.24,105.81,banana
82.0,83.0,50.0,26.86,83.93,5.75,103.55,banana
86.0,88.0,46.0,27.54,76.99,5.86,115.51,banana
103.0,73.0,54.0,27.71,77.3,6.1,92.49,banana
108.0,89.0,47.0,27.12,83.28,6.06,112.59,banana
92.0,92.0,45.0,29.69,84.34,6.0,116.06,banana
91.0,86.0,46.0,29.77,81.88,5.56,110.91,banana
87.0,76.0,55.0,25.04,81.77,6.22,105.05,banana
82.0,84.0,46.0,28.03,77.09,6.4,93.1,banana
115.0,82.0,48.0,25.88,80.77,6.37,117.41,banana
91.0,85.0,51.0,26.96,83.8,5.89,111.11,banana
120.0,78.0,50.0,25.94,84.1,6.4,95.91,banana
101.0,85.0,48.0,25.39,81.59,6.44,93.43,banana
110.0,76.0,48.0,27.53,75.18,5.85,91.07,banana
117.0,94.0,50.0,25.66,83.61,5.78,96.36,banana
95.0,85.0,52.0,28.67,78.33,5.93,96.2,banana
85.0,90.0,53.0,26.13,79.36,5.89,119.95,banana
84.0,87.0,45.0,26.23,78.12,5.8,101.91,banana
119.0,94.0,46.0,28.76,83.84,6.47,103.11,banana
119.0,91.0,49.0,28.79,78.85,5.74,109.5,banana
87.0,82.0,50.0,28.29,78.68,6.38,93.25,banana
100.0,81.0,49.0,27.83,84.35,6.23,117.74,banana
81.0,92.0,52.0,29.97,83.34,5.58,115.89,banana
94.0,91.0,47.0,28.01,75.95,5.95,110.46,banana
111.0,89.0,46.0,29.23,77.49,5.52,95.38,banana
113.0,92.0,47.0,25.57,75.51,5.67,105.69,banana
81.0,78.0,51.0,26.0,76.0,6.28,114.84,banana
120.0,94.0,52.0,26.9,81.75,6.0,96.34,banana
113.0,75.0,45.0,26.31,83.83,6.12,101.57,banana
94.0,88.0,46.0,29.3,81.51,6.45,109.04,banana
112.0,86.0,51.0,26.02,75.11,5.82,111.15,banana
118.0,73.0,54.0,28.29,82.89,5.76,102.46,banana
97.0,91.0,55.0,27.96,81.68,6.19,118.43,banana
82.0,95.0,48.0,29.83,82.54,6.5,100.28,banana
84.0,94.0,55.0,28.33,83.15,6.26,92.18,banana
84.0,88.0,50.0,29.15,84.12,6.14,115.29,banana
98.0,74.0,54.0,28.25,84.06,6.03,101.26,banana
100.0,93.0,48.0,29.67,83.64,6.04,90.14,banana
103.0,94.0,50.0,25.45,82.02,6.19,118.15,banana
93.0,82.0,49.0,28.83,81.74,6.2,97.5,banana
92.0,72.0,49.0,25.21,81.72,5.79,114.59,banana
22.0,19.0,29.0,30.97,48.85,4.9,99.29,mango
25.0,30.0,34.0,35.71,47.84,5.54,95.52,mango
34.0,28.0,26.0,30.78,54.7,6.5,97.3,mango
8.0,23.0,34.0,28.47,46.52,5.98,93.74,mango
19.0,34.0,31.0,31.19,48.85,6.66,93.51,mango
38.0,24.0,33.0,29.74,49.17,4.68,93.06,mango
9.0,26.0,31.0,33.9,52.03,6.57,91.0,mango
19.0,30.0,26.0,30.34,51.9,4.9,96.49,mango
21.0,30.0,27.0,33.51,45.7,4.66,92.96,mango
28.0,35.0,27.0,34.69,45.94,5.79,96.02,mango
40.0,39.0,33.0,27.85,51.05,6.37,91.88,mango
8.0,18.0,30.0,33.35,47.91,6.1,100.0,mango
35.0,22.0,26.0,29.38,53.36,5.08,93.61,mango
7.0,35.0,27.0,33.25,51.24,4.86,96.43,mango
1.0,38.0,35.0,33.31,52.21,4.53,94.67,mango
26.0,17.0,28.0,28.61,46.82,6.06,94.26,mango
29.0,39.0,33.0,33.55,51.26,6.44,98.64,mango
25.0,34.0,33.0,31.4,48.34,5.48,98.21,mango
39.0,16.0,33.0,29.91,51.47,4.79,97.43,mango
2.0,39.0,33.0,28.86,48.55,5.82,95.3,mango
8.0,16.0,26.0,31.79,51.19,5.19,98.8,mango
26.0,35.0,34.0,32.8,46.64,5.92,95.12,mango
21.0,16.0,34.0,30.81,53.04,5.99,95.62,mango
6.0,25.0,32.0,27.16,54.26,5.55,94.43,mango
40.0,37.0,25.0,35.31,47.75,4.78,99.43,mango
32.0,22.0,27.0,34.64,46.24,6.78,93.4,mango
29.0,34.0,31.0,29.76,46.1,6.2,98.24,mango
34.0,28.0,32.0,28.7,52.0,6.04,95.56,mango
39.0,17.0,29.0,35.69,52.86,6.69,99.48,mango
34.0,39.0,25.0,32.52,54.92,4.62,93.69,mango
30.0,26.0,34.0,34.12,45.23,4.75,92.44,mango
20.0,31.0,29.0,34.22,51.72,5.68,93.41,mango
31.0,22.0,33.0,29.36,52.15,5.83,97.75,mango
1.0,31.0,26.0,33.89,49.07,5.71,96.86,mango
30.0,39.0,26.0,32.19,51.25,5.28,98.27,mango
25.0,29.0,31.0,35.92,47.5,6.5,91.7,mango
7.0,35.0,31.0,30.65,51.85,5.38,90.1,mango
27.0,32.0,27.0,27.9,53.4,6.44,98.04,mango
39.0,23.0,31.0,29.44,52.96,6.5,96.13,mango
30.0,40.0,34.0,33.53,54.57,6.26,99.89,mango
4.0,29.0,30.0,27.73,49.55,6.43,98.19,mango
13.0,36.0,30.0,29.48,45.57,5.82,94.4,mango
39.0,22.0,27.0,31.01,52.26,4.87,91.79,mango
36.0,28.0,26.0,29.28,46.52,5.5,97.56,mango
14.0,18.0,30.0,34.09,51.93,5.2,94.96,mango
32.0,30.0,29.0,35.91,49.99,6.1,95.79,mango
37.0,35.0,26.0,32.39,45.39,6.19,95.28,mango
35.0,20.0,29.0,34.37,51.05,6.61,98.86,mango
34.0,18.0,34.0,32.31,51.25,5.4,96.35,mango
16.0,26.0,28.0,27.92,52.5,6.87,90.38,mango
17.0,16.0,31.0,30.89,46.7,6.35,93.2,mango
11.0,27.0,33.0,29.79,53.3,4.87,94.64,mango
13.0,26.0,29.0,32.85,45.74,5.93,93.28,mango
12.0,38.0,29.0,33.05,52.15,5.07,99.34,mango
34.0,26.0,32.0,29.19,46.06,5.26,93.51,mango
17.0,35.0,33.0,35.82,45.32,6.42,97.18,mango
16.0,23.0,33.0,33.51,47.98,6.9,91.76,mango
23.0,40.0,26.0,32.05,49.26,5.4,96.31,mango
31.0,20.0,34.0,34.08,52.3,4.51,93.7,mango
29.0,21.0,33.0,30.03,54.55,6.57,91.67,mango
6.0,37.0,27.0,31.92,54.48,6.29,93.33,mango
14.0,34.0,25.0,27.49,46.49,6.0,98.55,mango
7.0,21.0,28.0,35.75,48.95,6.25,99.92,mango
6.0,35.0,27.0,34.52,49.44,5.89,91.2,mango
10.0,24.0,33.0,28.89,48.28,6.02,97.21,mango
38.0,32.0,30.0,35.64,49.33,5.64,92.6,mango
17.0,36.0,28.0,31.85,47.12,6.69,94.71,mango
37.0,24.0,26.0,29.53,48.39,6.47,94.99,mango
34.0,37.0,28.0,32.88,50.61,6.43,99.89,mango
2.0,22.0,30.0,32.4,53.1,5.22,93.13,mango
37.0,33.0,26.0,32.97,49.88,6.94,91.15,mango
17.0,35.0,31.0,31.21,51.88,5.21,98.24,mango
38.0,17.0,26.0,28.72,49.67,5.91,95.04,mango
20.0,17.0,27.0,33.49,45.33,5.5,96.65,mango
32.0,20.0,27.0,28.51,50.73,6.86,99.62,mango
33.0,24.0,29.0,28.82,49.91,6.76,98.21,mango
15.0,22.0,29.0,28.24,51.48,5.94,92.46,mango
34.0,21.0,26.0,31.66,46.03,6.85,97.43,mango
37.0,36.0,34.0,30.31,54.95,6.38,90.23,mango
16.0,35.0,26.0,33.88,45.97,6.79,95.7,mango
34.0,17.0,28.0,28.24,53.48,5.18,94.18,mango
31.0,21.0,34.0,35.8,46.69,6.75,99.64,mango
22.0,28.0,33.0,34.32,48.55,5.91,96.99,mango
31.0,36.0,34.0,32.43,51.53,6.53,97.46,mango
31.0,28.0,33.0,29.09,46.19,6.04,92.21,mango
35.0,21.0,30.0,35.73,45.01,6.19,98.26,mango
21.0,19.0,31.0,27.49,52.89,6.36,94.21,mango
32.0,23.0,28.0,29.07,49.61,5.62,95.88,mango
1.0,20.0,26.0,33.21,48.8,5.05,90.38,mango
32.0,38.0,33.0,33.63,54.46,5.27,98.55,mango
4.0,31.0,26.0,28.13,47.21,6.85,90.96,mango
15.0,16.0,28.0,31.57,45.55,4.93,98.45,mango
23.0,22.0,33.0,32.36,52.34,6.43,92.05,mango
30.0,18.0,31.0,32.47,49.67,4.59,99.59,mango
18.0,38.0,27.0,27.93,46.31,4.99,97.0,mango
21.0,34.0,31.0,35.97,45.22,6.03,95.0,mango
28.0,27.0,26.0,31.71,47.36,5.31,95.63,mango
28.0,19.0,34.0,34.04,50.02,5.85,91.05,mango
8.0,18.0,25.0,34.38,49.28,5.29,98.21,mango
38.0,21.0,26.0,33.7,49.92,5.12,93.37,mango
1.0,124.0,200.0,14.52,83.54,6.07,72.76,grapes
1.0,135.0,200.0,19.88,80.06,6.3,71.67,grapes
35.0,121.0,204.0,10.88,83.06,5.78,68.74,grapes
2.0,134.0,200.0,14.01,80.88,6.04,71.14,grapes
20.0,136.0,205.0,13.06,84.88,6.17,71.96,grapes
16.0,130.0,196.0,12.26,84.06,6.23,69.78,grapes
17.0,129.0,200.0,18.08,84.6,6.1,69.16,grapes
12.0,134.0,204.0,9.93,84.87,6.33,68.0,grapes
10.0,135.0,197.0,18.16,80.87,6.31,67.3,grapes
2.0,121.0,197.0,36.62,84.88,6.45,67.85,grapes
35.0,142.0,202.0,11.38,83.69,6.0,72.67,grapes
8.0,128.0,204.0,17.27,82.99,6.1,65.85,grapes
27.0,128.0,202.0,8.33,83.85,5.7,66.41,grapes
22.0,138.0,205.0,18.84,80.06,5.71,66.69,grapes
3.0,136.0,197.0,18.31,80.23,6.48,65.18,grapes
7.0,144.0,197.0,9.25,84.31,6.14,68.12,grapes
38.0,124.0,200.0,11.02,80.12,6.21,72.68,grapes
26.0,125.0,200.0,33.51,81.91,6.16,66.22,grapes
1.0,137.0,200.0,24.2,80.24,6.34,65.61,grapes
28.0,122.0,205.0,13.5,83.44,6.47,66.85,grapes
20.0,130.0,200.0,23.35,81.09,6.09,74.99,grapes
36.0,136.0,203.0,20.07,82.22,5.93,69.86,grapes
29.0,141.0,197.0,36.43,81.09,5.6,68.18,grapes
10.0,136.0,195.0,20.22,83.0,5.53,73.8,grapes
23.0,141.0,200.0,39.89,80.87,5.63,69.83,grapes
5.0,128.0,197.0,29.21,80.03,6.38,73.54,grapes
3.0,131.0,198.0,20.47,83.62,5.95,66.07,grapes
18.0,124.0,200.0,36.13,84.08,5.52,74.27,grapes
4.0,133.0,198.0,30.21,84.49,6.11,70.49,grapes
20.0,122.0,202.0,12.42,80.7,5.52,71.5,grapes
33.0,120.0,197.0,24.04,84.83,6.46,65.33,grapes
18.0,121.0,195.0,30.31,82.62,5.53,67.75,grapes
0.0,137.0,203.0,28.07,82.12,6.49,71.03,grapes
14.0,135.0,201.0,37.18,80.05,6.43,67.82,grapes
7.0,137.0,203.0,13.96,81.85,5.62,65.56,grapes
11.0,139.0,199.0,29.24,84.67,6.35,66.59,grapes
25.0,121.0,201.0,25.33,82.27,6.3,74.3,grapes
5.0,131.0,203.0,39.31,84.26,6.17,68.06,grapes
34.0,128.0,203.0,31.59,83.31,5.78,71.94,grapes
35.0,130.0,203.0,25.08,80.97,5.81,68.35,grapes
21.0,128.0,203.0,17.97,83.45,5.69,70.43,grapes
32.0,129.0,200.0,37.34,80.87,6.12,70.64,grapes
28.0,128.0,202.0,19.34,81.84,6.14,70.78,grapes
38.0,128.0,198.0,35.11,80.53,5.61,66.08,grapes
17.0,133.0,196.0,29.93,84.14,5.69,66.82,grapes
24.0,136.0,200.0,17.59,80.7,5.65,71.83,grapes
24.0,123.0,200.0,12.94,83.73,5.85,69.25,grapes
32.0,130.0,200.0,26.32,81.25,6.27,68.29,grapes
2.0,141.0,199.0,19.9,80.13,5.67,67.89,grapes
24.0,138.0,200.0,21.71,83.69,5.94,67.06,grapes
26.0,141.0,202.0,20.88,83.28,5.9,65.43,grapes
7.0,129.0,203.0,38.16,84.56,6.5,66.81,grapes
20.0,142.0,204.0,29.16,81.66,6.13,66.94,grapes
17.0,144.0,205.0,28.47,84.25,6.09,72.39,grapes
25.0,141.0,197.0,14.44,83.44,5.59,66.3,grapes
25.0,135.0,195.0,28.46,81.73,6.21,73.75,grapes
18.0,130.0,197.0,38.1,80.73,5.53,68.79,grapes
5.0,136.0,203.0,23.09,84.85,6.44,68.32,grapes
38.0,124.0,201.0,36.43,81.95,5.59,68.28,grapes
12.0,121.0,204.0,28.95,80.48,6.5,66.4,grapes
34.0,128.0,195.0,21.73,80.81,6.35,70.75,grapes
27.0,137.0,195.0,12.57,81.25,6.14,68.87,grapes
18.0,142.0,198.0,15.35,81.85,6.29,65.51,grapes
2.0,124.0,202.0,20.8,80.47,5.6,72.43,grapes
17.0,125.0,196.0,14.49,83.74,5.99,68.03,grapes
27.0,120.0,199.0,22.41,80.84,6.2,74.73,grapes
30.0,136.0,200.0,32.22,84.65,5.65,70.7,grapes
16.0,136.0,204.0,19.51,80.99,5.81,74.57,grapes
3.0,129.0,197.0,20.04,84.08,5.67,70.12,grapes
32.0,123.0,201.0,18.94,83.19,5.94,70.3,grapes
12.0,143.0,197.0,14.95,82.19,6.13,65.59,grapes
5.0,134.0,202.0,16.94,82.96,5.96,74.12,grapes
23.0,142.0,197.0,37.37,84.23,6.08,68.92,grapes
34.0,134.0,200.0,23.84,83.19,5.67,68.0,grapes
14.0,139.0,202.0,27.22,83.29,6.0,66.6,grapes
11.0,138.0,203.0,11.15,83.98,5.8,72.95,grapes
36.0,128.0,201.0,12.61,84.24,5.93,72.25,grapes
29.0,131.0,198.0,13.22,81.31,6.34,69.58,grapes
38.0,139.0,196.0,35.09,80.56,5.57,67.2,grapes
9.0,134.0,196.0,36.85,83.83,6.33,67.93,grapes
31.0,123.0,202.0,28.49,81.92,5.94,67.11,grapes
24.0,142.0,195.0,23.82,81.75,5.57,72.85,grapes
11.0,121.0,200.0,13.53,84.63,6.39,69.38,grapes
23.0,141.0,197.0,33.68,81.41,6.26,68.9,grapes
36.0,128.0,200.0,27.29,84.97,6.36,66.34,grapes
38.0,134.0,201.0,21.81,83.7,6.07,70.13,grapes
9.0,132.0,200.0,10.8,81.99,5.91,65.34,grapes
18.0,128.0,205.0,11.31,84.89,5.8,73.06,grapes
29.0,128.0,201.0,28.97,81.5,6.42,66.18,grapes
31.0,144.0,202.0,20.53,82.17,6.41,70.12,grapes
33.0,123.0,203.0,16.14,84.15,5.58,66.39,grapes
31.0,137.0,202.0,24.93,82.5,6.12,70.04,grapes
24.0,143.0,205.0,13.25,82.64,6.48,66.77,grapes
37.0,142.0,197.0,29.38,83.25,6.28,68.86,grapes
26.0,122.0,198.0,39.29,80.78,5.6,74.58,grapes
34.0,129.0,196.0,30.0,84.41,6.02,71.89,grapes
20.0,138.0,201.0,22.06,83.17,5.84,68.1,grapes
2.0,143.0,203.0,24.28,82.63,5.98,73.32,grapes
32.0,130.0,197.0,14.48,82.22,6.21,72.47,grapes
23.0,134.0,201.0,22.52,84.52,5.8,66.38,grapes
97.0,23.0,49.0,23.06,89.13,6.07,50.11,watermelon
120.0,13.0,51.0,20.78,84.31,6.3,41.2,watermelon
104.0,21.0,51.0,24.16,83.38,6.28,46.62,watermelon
94.0,25.0,53.0,24.89,87.2,6.39,46.91,watermelon
87.0,15.0,52.0,24.05,84.77,6.07,44.67,watermelon
105.0,10.0,54.0,22.76,83.51,6.0,58.55,watermelon
94.0,18.0,50.0,21.19,89.11,6.37,47.81,watermelon
95.0,14.0,49.0,20.26,86.16,6.28,47.33,watermelon
116.0,29.0,51.0,23.86,81.82,6.13,43.49,watermelon
97.0,26.0,46.0,21.1,83.94,6.48,40.6,watermelon
88.0,12.0,52.0,22.54,87.09,6.0,50.69,watermelon
111.0,22.0,54.0,23.65,87.21,6.25,42.14,watermelon
117.0,14.0,46.0,21.15,80.15,6.02,47.74,watermelon
110.0,21.0,48.0,24.59,87.57,6.29,59.24,watermelon
85.0,17.0,53.0,23.62,82.67,6.26,57.92,watermelon
93.0,15.0,53.0,24.38,88.66,6.18,50.46,watermelon
101.0,15.0,54.0,22.35,80.9,6.07,41.68,watermelon
117.0,28.0,52.0,22.38,80.25,6.18,54.58,watermelon
94.0,14.0,52.0,21.9,87.93,6.36,50.37,watermelon
102.0,25.0,50.0,23.39,84.33,6.38,43.76,watermelon
106.0,20.0,48.0,20.43,82.29,6.42,48.21,watermelon
88.0,8.0,50.0,21.95,85.54,6.27,40.8,watermelon
99.0,16.0,52.0,21.85,89.37,6.02,41.76,watermelon
83.0,19.0,53.0,23.49,80.58,6.47,41.92,watermelon
110.0,12.0,48.0,23.85,80.87,6.25,42.43,watermelon
88.0,21.0,53.0,22.11,85.01,6.37,40.92,watermelon
82.0,11.0,47.0,24.49,85.38,6.26,52.31,watermelon
85.0,10.0,45.0,20.13,86.23,6.43,49.08,watermelon
85.0,26.0,51.0,21.22,89.71,6.09,58.61,watermelon
92.0,9.0,55.0,24.52,85.03,6.4,53.92,watermelon
84.0,29.0,46.0,24.72,82.7,6.33,52.19,watermelon
95.0,13.0,46.0,20.3,84.19,6.17,44.53,watermelon
91.0,5.0,45.0,23.24,87.66,6.45,53.34,watermelon
102.0,11.0,54.0,23.97,87.43,6.05,53.77,watermelon
84.0,16.0,53.0,22.41,80.35,6.06,47.16,watermelon
99.0,24.0,49.0,22.75,81.62,6.29,51.69,watermelon
102.0,15.0,55.0,22.93,82.76,6.11,52.38,watermelon
98.0,29.0,47.0,20.86,82.14,6.3,52.51,watermelon
117.0,22.0,46.0,20.8,81.36,6.09,49.56,watermelon
116.0,30.0,54.0,20.88,87.34,6.17,42.14,watermelon
82.0,6.0,46.0,22.45,82.21,6.13,58.93,watermelon
114.0,19.0,47.0,20.16,89.55,6.21,45.02,watermelon
92.0,26.0,46.0,23.61,88.98,6.36,47.18,watermelon
102.0,29.0,55.0,22.9,84.35,6.23,40.18,watermelon
93.0,17.0,53.0,21.35,88.64,6.27,57.29,watermelon
99.0,19.0,55.0,23.14,88.3,6.5,48.61,watermelon
80.0,11.0,52.0,24.34,89.91,6.25,48.31,watermelon
89.0,24.0,45.0,24.45,82.44,6.2,42.97,watermelon
110.0,30.0,45.0,23.7,87.97,6.35,45.15,watermelon
83.0,8.0,46.0,20.71,88.68,6.41,42.13,watermelon
112.0,29.0,47.0,24.84,85.47,6.4,52.7,watermelon
105.0,10.0,49.0,23.61,84.18,6.39,54.11,watermelon
81.0,16.0,48.0,23.65,85.69,6.1,55.03,watermelon
85.0,9.0,49.0,21.18,85.19,6.04,55.82,watermelon
83.0,17.0,48.0,21.02,89.83,6.08,46.18,watermelon
87.0,24.0,51.0,23.73,89.05,6.4,48.18,watermelon
85.0,12.0,51.0,20.61,85.33,6.12,47.17,watermelon
103.0,17.0,49.0,24.87,87.04,6.45,57.26,watermelon
108.0,28.0,47.0,23.77,88.19,6.14,44.93,watermelon
89.0,16.0,51.0,21.74,81.9,6.04,47.43,watermelon
115.0,24.0,55.0,24.28,86.27,6.16,56.75,watermelon
109.0,13.0,51.0,21.86,80.94,6.37,54.4,watermelon
119.0,12.0,48.0,21.11,86.79,6.3,51.01,watermelon
97.0,21.0,55.0,22.22,89.12,6.43,50.98,watermelon
94.0,11.0,50.0,23.72,89.79,6.04,53.35,watermelon
113.0,17.0,48.0,23.31,82.81,6.33,44.49,watermelon
114.0,28.0,51.0,22.87,87.57,6.11,56.7,watermelon
93.0,28.0,51.0,24.94,84.63,6.23,40.04,watermelon
116.0,20.0,51.0,20.59,83.63,6.1,41.54,watermelon
104.0,13.0,50.0,22.23,80.11,6.13,43.47,watermelon
95.0,20.0,48.0,21.69,84.25,6.16,41.15,watermelon
92.0,10.0,46.0,22.78,83.74,6.44,41.01,watermelon
93.0,18.0,45.0,23.3,83.52,6.12,56.5,watermelon
91.0,10.0,50.0,23.73,84.78,6.22,54.82,watermelon
110.0,16.0,48.0,22.07,89.35,6.05,43.83,watermelon
104.0,24.0,54.0,24.38,88.15,6.45,57.34,watermelon
105.0,22.0,53.0,23.17,89.34,6.38,41.97,watermelon
119.0,13.0,54.0,24.91,80.7,6.08,43.06,watermelon
96.0,12.0,45.0,24.92,85.86,6.11,56.13,watermelon
115.0,7.0,53.0,21.26,85.49,6.48,56.39,watermelon
89.0,20.0,51.0,21.66,85.01,6.11,51.56,watermelon
104.0,8.0,54.0,22.57,81.74,6.43,40.49,watermelon
82.0,18.0,51.0,22.03,81.23,6.33,48.06,watermelon
89.0,23.0,45.0,22.66,84.96,6.35,51.03,watermelon
94.0,20.0,51.0,22.19,88.36,6.48,49.99,watermelon
114.0,12.0,53.0,20.5,83.03,6.22,45.79,watermelon
82.0,22.0,46.0,20.36,84.51,6.16,46.75,watermelon
116.0,21.0,50.0,22.31,81.01,6.09,52.29,watermelon
116.0,14.0,46.0,23.12,82.28,6.26,54.78,watermelon
98.0,25.0,52.0,22.54,84.49,6.49,42.04,watermelon
103.0,8.0,49.0,24.15,81.0,6.34,49.38,watermelon
111.0,21.0,53.0,22.17,87.96,6.26,56.16,watermelon
106.0,25.0,46.0,21.7,86.38,6.27,49.5,watermelon
115.0,20.0,46.0,22.95,89.73,6.25,50.4,watermelon
118.0,11.0,52.0,22.62,83.73,6.44,40.18,watermelon
98.0,12.0,48.0,24.26,84.44,6.09,43.9,watermelon
118.0,28.0,47.0,20.91,87.85,6.09,58.56,watermelon
92.0,11.0,50.0,23.1,82.12,6.44,43.75,watermelon
90.0,29.0,53.0,20.19,80.74,6.33,42.4,watermelon
108.0,21.0,49.0,24.24,80.43,6.42,43.88,watermelon
106.0,24.0,49.0,27.15,92.6,6.39,25.59,muskmelon
105.0,26.0,45.0,27.87,93.24,6.1,21.84,muskmelon
100.0,21.0,51.0,27.24,92.62,6.04,27.24,muskmelon
105.0,16.0,54.0,29.95,94.69,6.14,26.61,muskmelon
108.0,12.0,54.0,27.55,93.61,6.26,27.13,muskmelon
82.0,21.0,54.0,27.56,92.14,6.26,22.34,muskmelon
90.0,25.0,51.0,28.9,91.4,6.38,28.04,muskmelon
91.0,16.0,48.0,27.06,94.48,6.05,22.47,muskmelon
99.0,16.0,49.0,27.18,92.59,6.24,23.65,muskmelon
114.0,28.0,45.0,28.79,91.91,6.1,28.89,muskmelon
95.0,24.0,47.0,29.19,92.39,6.11,27.42,muskmelon
89.0,26.0,49.0,27.54,93.22,6.46,22.31,muskmelon
83.0,23.0,46.0,27.78,92.05,6.37,22.26,muskmelon
103.0,20.0,46.0,27.25,91.18,6.06,25.72,muskmelon
119.0,24.0,54.0,27.16,91.06,6.06,28.42,muskmelon
103.0,8.0,47.0,29.71,90.63,6.14,28.46,muskmelon
100.0,19.0,47.0,27.04,90.29,6.04,29.09,muskmelon
98.0,24.0,51.0,28.69,94.88,6.5,26.07,muskmelon
115.0,17.0,54.0,27.36,92.33,6.47,26.71,muskmelon
106.0,16.0,50.0,28.51,93.39,6.09,29.18,muskmelon
91.0,10.0,52.0,27.61,91.84,6.13,22.31,muskmelon
97.0,19.0,55.0,28.83,91.83,6.11,20.3,muskmelon
105.0,27.0,46.0,28.59,92.78,6.16,24.41,muskmelon
106.0,18.0,48.0,29.42,94.99,6.22,20.33,muskmelon
101.0,8.0,54.0,29.53,91.38,6.02,24.74,muskmelon
101.0,23.0,55.0,27.13,90.79,6.26,21.75,muskmelon
97.0,20.0,49.0,27.42,90.2,6.16,29.92,muskmelon
96.0,5.0,47.0,28.6,90.07,6.09,24.44,muskmelon
83.0,9.0,52.0,27.61,93.58,6.47,22.44,muskmelon
112.0,9.0,53.0,27.75,92.76,6.31,25.49,muskmelon
98.0,12.0,51.0,28.5,92.64,6.3,28.81,muskmelon
120.0,15.0,53.0,28.32,92.37,6.49,20.07,muskmelon
87.0,29.0,54.0,29.25,93.99,6.34,21.81,muskmelon
106.0,30.0,50.0,29.55,92.42,6.06,24.11,muskmelon
87.0,18.0,49.0,27.68,93.84,6.2,29.16,muskmelon
94.0,6.0,54.0,27.36,92.3,6.05,26.54,muskmelon
103.0,12.0,46.0,27.24,93.09,6.48,28.79,muskmelon
103.0,14.0,50.0,29.02,94.88,6.42,24.0,muskmelon
102.0,20.0,50.0,29.21,91.98,6.43,23.28,muskmelon
86.0,20.0,51.0,28.89,92.42,6.0,25.75,muskmelon
117.0,7.0,55.0,27.39,92.72,6.28,29.44,muskmelon
116.0,18.0,53.0,27.75,94.53,6.08,21.89,muskmelon
82.0,12.0,48.0,29.66,90.98,6.3,22.35,muskmelon
99.0,15.0,55.0,28.41,93.98,6.16,28.13,muskmelon
105.0,18.0,48.0,27.77,94.32,6.01,20.66,muskmelon
97.0,17.0,47.0,28.2,91.0,6.28,25.61,muskmelon
108.0,27.0,50.0,28.0,93.09,6.13,25.68,muskmelon
107.0,24.0,48.0,29.58,94.5,6.05,20.66,muskmelon
83.0,6.0,48.0,29.8,91.66,6.44,21.27,muskmelon
88.0,19.0,50.0,28.25,90.9,6.32,24.85,muskmelon
101.0,22.0,51.0,27.21,91.24,6.01,23.93,muskmelon
101.0,30.0,45.0,27.97,92.06,6.49,25.17,muskmelon
104.0,11.0,54.0,28.62,91.62,6.42,23.31,muskmelon
101.0,7.0,53.0,28.32,90.96,6.28,28.24,muskmelon
81.0,30.0,48.0,27.19,92.24,6.37,25.89,muskmelon
101.0,5.0,49.0,29.02,92.43,6.41,28.82,muskmelon
103.0,28.0,48.0,27.87,92.55,6.1,21.6,muskmelon
96.0,23.0,53.0,29.54,91.26,6.24,28.25,muskmelon
98.0,12.0,46.0,29.0,94.59,6.16,22.73,muskmelon
86.0,19.0,49.0,29.14,90.67,6.08,26.0,muskmelon
93.0,23.0,54.0,27.94,91.22,6.02,21.85,muskmelon
107.0,17.0,53.0,28.72,93.82,6.39,25.33,muskmelon
84.0,28.0,48.0,27.92,91.99,6.28,27.67,muskmelon
111.0,11.0,49.0,27.51,92.4,6.1,27.01,muskmelon
120.0,20.0,54.0,29.57,93.47,6.15,24.38,muskmelon
96.0,17.0,46.0,29.46,93.78,6.23,25.17,muskmelon
88.0,5.0,50.0,28.48,94.7,6.1,20.16,muskmelon
99.0,7.0,54.0,28.9,90.19,6.27,23.63,muskmelon
106.0,11.0,48.0,28.44,91.72,6.22,21.9,muskmelon
97.0,14.0,48.0,27.46,92.08,6.03,22.29,muskmelon
85.0,27.0,55.0,28.31,94.32,6.31,26.32,muskmelon
109.0,6.0,51.0,28.35,92.6,6.3,23.32,muskmelon
120.0,17.0,48.0,27.81,93.91,6.09,27.44,muskmelon
103.0,13.0,48.0,27.41,94.83,6.14,28.53,muskmelon
113.0,29.0,55.0,29.14,91.05,6.04,26.3,muskmelon
95.0,14.0,49.0,27.55,90.93,6.18,28.6,muskmelon
117.0,18.0,54.0,29.88,91.51,6.26,24.14,muskmelon
114.0,9.0,54.0,29.17,90.35,6.49,28.92,muskmelon
114.0,15.0,47.0,28.5,94.71,6.1,28.34,muskmelon
93.0,22.0,50.0,28.12,91.83,6.04,28.42,muskmelon
115.0,16.0,53.0,29.94,94.71,6.22,29.03,muskmelon
115.0,18.0,46.0,29.61,94.39,6.01,25.38,muskmelon
98.0,6.0,47.0,27.66,91.57,6.3,21.01,muskmelon
114.0,6.0,53.0,27.01,93.59,6.49,28.5,muskmelon
101.0,25.0,45.0,29.65,90.76,6.46,25.05,muskmelon
86.0,7.0,51.0,28.31,92.03,6.12,22.96,muskmelon
111.0,16.0,52.0,28.94,90.25,6.14,22.62,muskmelon
82.0,16.0,48.0,29.66,94.61,6.44,25.46,muskmelon
112.0,16.0,53.0,29.41,93.04,6.27,26.88,muskmelon
98.0,11.0,47.0,28.44,91.59,6.17,22.37,muskmelon
85.0,28.0,46.0,28.3,93.71,6.04,29.82,muskmelon
84.0,5.0,45.0,27.72,94.81,6.37,23.25,muskmelon
100.0,7.0,50.0,29.19,91.25,6.28,20.06,muskmelon
110.0,6.0,55.0,27.63,93.83,6.37,21.44,muskmelon
112.0,17.0,50.0,29.28,92.21,6.15,29.51,muskmelon
99.0,23.0,49.0,27.84,90.14,6.15,25.96,muskmelon
115.0,25.0,47.0,29.72,91.53,6.12,23.18,muskmelon
99.0,9.0,54.0,29.37,93.33,6.48,25.29,muskmelon
106.0,28.0,47.0,27.14,91.77,6.37,23.82,muskmelon
94.0,17.0,46.0,28.96,91.16,6.46,25.98,muskmelon
27.0,134.0,196.0,22.65,94.65,5.59,110.55,apple
20.0,132.0,203.0,21.37,94.73,5.97,117.95,apple
14.0,143.0,196.0,23.55,92.43,5.99,122.44,apple
23.0,141.0,198.0,21.15,92.14,6.41,119.86,apple
3.0,124.0,199.0,23.33,91.74,5.89,111.29,apple
31.0,126.0,204.0,23.47,90.51,6.3,108.31,apple
1.0,128.0,197.0,21.87,90.18,6.03,107.29,apple
14.0,127.0,199.0,23.1,92.57,6.47,114.41,apple
38.0,135.0,198.0,23.48,94.5,5.62,115.44,apple
17.0,137.0,196.0,21.29,94.59,5.96,114.08,apple
29.0,128.0,199.0,23.0,90.5,5.84,116.15,apple
9.0,127.0,196.0,21.82,91.75,6.1,121.93,apple
33.0,133.0,196.0,21.66,93.04,5.64,106.46,apple
18.0,140.0,204.0,23.36,93.51,5.97,110.89,apple
9.0,136.0,199.0,23.07,90.72,6.21,122.7,apple
10.0,136.0,199.0,21.5,90.69,5.51,116.8,apple
40.0,137.0,198.0,23.4,93.33,6.07,116.61,apple
6.0,138.0,200.0,23.12,94.72,6.49,118.2,apple
20.0,141.0,202.0,22.39,90.77,6.29,119.79,apple
10.0,127.0,196.0,23.76,91.17,6.25,104.38,apple
18.0,136.0,203.0,21.11,94.17,5.61,103.87,apple
16.0,123.0,199.0,22.32,92.94,6.46,109.35,apple
14.0,141.0,195.0,23.94,92.08,5.66,110.52,apple
17.0,122.0,195.0,23.29,92.42,5.66,108.78,apple
32.0,131.0,197.0,23.09,94.57,6.36,119.49,apple
18.0,130.0,196.0,21.4,93.22,5.58,114.93,apple
18.0,133.0,204.0,22.23,90.67,5.52,103.06,apple
2.0,120.0,204.0,23.07,94.54,6.08,102.98,apple
27.0,139.0,199.0,22.08,93.54,5.66,116.59,apple
29.0,134.0,198.0,22.72,92.22,5.73,101.81,apple
6.0,126.0,199.0,23.14,94.66,6.35,104.36,apple
26.0,136.0,198.0,21.12,92.23,6.25,114.25,apple
24.0,133.0,196.0,23.57,94.68,5.55,119.63,apple
23.0,128.0,199.0,21.24,93.86,6.19,123.68,apple
10.0,132.0,199.0,22.27,90.72,6.05,118.75,apple
25.0,128.0,200.0,22.4,92.44,6.22,124.79,apple
22.0,140.0,204.0,22.51,92.61,6.35,115.88,apple
39.0,125.0,204.0,22.32,90.92,5.92,105.37,apple
3.0,122.0,196.0,21.21,94.8,6.44,123.02,apple
18.0,142.0,205.0,21.25,92.5,5.58,113.73,apple
7.0,133.0,201.0,23.74,94.01,6.18,116.11,apple
35.0,128.0,205.0,23.13,93.03,5.57,117.61,apple
7.0,134.0,203.0,23.74,94.84,5.68,115.99,apple
13.0,135.0,201.0,23.92,91.85,5.69,119.36,apple
1.0,127.0,204.0,22.28,93.7,6.37,108.98,apple
39.0,138.0,200.0,22.87,93.3,6.15,121.39,apple
4.0,143.0,200.0,21.95,94.88,6.23,116.62,apple
9.0,141.0,203.0,22.9,94.53,6.11,100.65,apple
30.0,142.0,202.0,21.7,90.26,5.54,111.39,apple
14.0,133.0,204.0,21.9,94.11,5.93,119.96,apple
2.0,128.0,198.0,21.45,92.77,5.63,110.02,apple
21.0,122.0,204.0,21.95,92.75,5.78,104.07,apple
33.0,124.0,199.0,22.54,91.29,6.4,105.02,apple
32.0,139.0,200.0,21.39,90.8,5.91,107.37,apple
15.0,127.0,203.0,22.47,92.32,6.42,122.59,apple
10.0,139.0,204.0,21.98,92.35,5.78,109.1,apple
31.0,131.0,201.0,22.28,91.58,5.76,117.24,apple
16.0,141.0,196.0,21.71,93.44,6.43,106.26,apple
17.0,122.0,195.0,23.9,91.79,5.77,104.11,apple
34.0,123.0,197.0,21.04,94.0,5.6,105.51,apple
2.0,141.0,201.0,21.45,90.62,5.96,112.09,apple
26.0,123.0,200.0,21.58,93.03,5.81,101.45,apple
5.0,122.0,202.0,21.1,90.7,5.62,124.56,apple
5.0,137.0,201.0,22.7,90.79,6.16,113.0,apple
9.0,129.0,204.0,23.6,90.17,6.29,116.43,apple
5.0,128.0,201.0,21.25,94.41,5.78,106.75,apple
31.0,133.0,195.0,21.26,92.25,6.26,104.02,apple
2.0,143.0,205.0,23.31,90.3,6.2,103.84,apple
18.0,134.0,197.0,21.52,92.94,5.54,110.24,apple
12.0,143.0,202.0,22.09,92.21,6.32,119.21,apple
29.0,143.0,200.0,23.74,90.26,6.04,113.38,apple
12.0,142.0,204.0,22.78,92.55,5.89,100.74,apple
7.0,125.0,204.0,23.24,91.8,6.49,122.89,apple
14.0,127.0,197.0,21.54,94.22,6.0,111.5,apple
5.0,135.0,201.0,21.45,93.01,5.6,111.3,apple
28.0,140.0,203.0,22.21,90.59,5.7,121.79,apple
28.0,129.0,200.0,23.66,94.34,6.0,113.35,apple
34.0,125.0,196.0,23.14,90.29,6.28,110.98,apple
9.0,127.0,204.0,22.27,94.84,6.2,105.6,apple
7.0,125.0,196.0,22.78,94.72,6.0,122.62,apple
32.0,140.0,196.0,23.75,94.54,5.91,106.26,apple
35.0,133.0,201.0,21.6,93.52,6.03,113.17,apple
2.0,137.0,195.0,22.36,92.09,6.19,111.46,apple
26.0,136.0,197.0,22.45,90.63,6.33,120.07,apple
1.0,122.0,203.0,23.49,94.29,6.13,124.58,apple
21.0,140.0,197.0,22.62,94.4,5.56,114.75,apple
29.0,130.0,197.0,23.25,91.94,5.69,115.44,apple
36.0,144.0,203.0,22.06,94.19,5.84,111.91,apple
22.0,136.0,198.0,22.45,92.7,5.91,112.91,apple
21.0,121.0,198.0,23.57,94.17,5.71,114.83,apple
13.0,126.0,202.0,22.01,93.93,5.84,111.16,apple
17.0,127.0,200.0,22.34,90.34,5.72,117.2,apple
37.0,144.0,203.0,22.66,93.51,5.65,102.21,apple
3.0,120.0,198.0,23.66,91.28,6.33,119.3,apple
18.0,138.0,201.0,23.48,93.12,6.15,103.73,apple
8.0,129.0,199.0,23.49,93.87,6.49,101.99,apple
14.0,130.0,201.0,22.56,90.59,5.61,106.21,apple
15.0,144.0,203.0,21.04,94.46,5.8,122.42,apple
5.0,123.0,201.0,22.06,90.09,5.75,104.66,apple
25.0,126.0,196.0,21.7,92.55,5.53,117.41,apple
13.0,16.0,8.0,31.32,94.17,6.46,101.8,orange
12.0,25.0,11.0,15.04,91.5,7.06,100.14,orange
25.0,25.0,11.0,23.41,94.01,6.68,104.16,orange
38.0,25.0,8.0,22.35,90.16,7.01,117.66,orange
10.0,22.0,13.0,23.17,91.23,6.53,101.08,orange
22.0,11.0,12.0,26.66,92.24,6.56,100.55,orange
18.0,16.0,14.0,18.25,91.03,7.2,103.94,orange
33.0,7.0,8.0,20.42,90.95,6.27,115.5,orange
19.0,20.0,6.0,30.51,94.3,6.65,118.49,orange
14.0,13.0,12.0,13.14,90.44,6.2,101.44,orange
16.0,23.0,8.0,12.58,92.91,7.08,104.76,orange
37.0,19.0,7.0,22.87,93.47,7.04,100.24,orange
8.0,18.0,6.0,29.98,93.3,6.43,106.77,orange
12.0,17.0,14.0,11.1,92.02,6.64,103.24,orange
0.0,8.0,5.0,13.49,94.2,6.58,105.15,orange
23.0,11.0,6.0,33.21,94.17,6.88,103.08,orange
3.0,9.0,14.0,22.05,94.62,6.82,115.42,orange
27.0,26.0,9.0,11.53,90.86,6.94,107.21,orange
14.0,7.0,10.0,28.7,92.56,7.27,104.08,orange
33.0,14.0,10.0,13.31,90.64,7.26,103.19,orange
31.0,28.0,10.0,13.77,94.11,6.05,116.88,orange
6.0,27.0,8.0,23.06,90.51,7.47,115.55,orange
0.0,23.0,10.0,24.78,94.66,7.38,104.68,orange
28.0,19.0,9.0,29.85,90.32,6.45,104.53,orange
6.0,7.0,11.0,24.9,91.51,6.08,106.01,orange
11.0,27.0,14.0,20.58,91.95,6.09,103.43,orange
17.0,30.0,9.0,30.41,92.64,6.8,116.83,orange
33.0,29.0,7.0,23.06,92.19,6.7,115.89,orange
14.0,9.0,10.0,19.37,90.08,6.29,104.81,orange
29.0,29.0,12.0,30.01,92.59,6.26,108.34,orange
34.0,27.0,14.0,21.18,91.63,7.32,107.15,orange
29.0,8.0,13.0,13.87,90.26,6.54,105.63,orange
29.0,28.0,10.0,30.97,91.41,6.46,103.37,orange
11.0,10.0,11.0,30.26,90.75,7.08,118.29,orange
13.0,25.0,15.0,32.53,91.49,6.59,113.57,orange
26.0,7.0,11.0,33.07,90.1,6.75,107.15,orange
10.0,15.0,15.0,21.13,94.53,6.64,115.43,orange
26.0,6.0,9.0,21.09,90.6,6.81,114.48,orange
19.0,21.0,7.0,31.47,91.5,6.67,103.9,orange
16.0,11.0,13.0,22.55,92.93,6.49,104.76,orange
35.0,23.0,7.0,15.37,91.17,6.45,119.23,orange
24.0,9.0,5.0,20.65,93.85,6.21,118.31,orange
10.0,21.0,14.0,33.43,92.53,6.88,113.01,orange
1.0,7.0,5.0,29.31,93.9,7.15,119.31,orange
21.0,28.0,13.0,32.11,95.0,6.66,103.87,orange
30.0,26.0,12.0,26.18,92.28,6.81,114.96,orange
26.0,29.0,5.0,29.49,94.68,7.38,101.19,orange
25.0,6.0,12.0,22.45,90.21,6.94,105.86,orange
6.0,14.0,8.0,14.13,92.58,7.29,117.38,orange
32.0,13.0,7.0,26.6,94.56,6.63,119.37,orange
6.0,24.0,11.0,28.83,92.2,7.11,117.79,orange
24.0,30.0,14.0,10.52,92.62,6.94,102.01,orange
9.0,17.0,9.0,12.93,94.0,6.29,107.54,orange
7.0,19.0,11.0,24.02,93.44,6.61,101.92,orange
10.0,7.0,10.0,31.4,92.36,6.68,107.8,orange
26.0,24.0,6.0,13.0,91.18,6.99,117.59,orange
1.0,28.0,9.0,15.1,92.61,6.59,117.86,orange
37.0,10.0,7.0,12.27,91.97,6.45,119.37,orange
21.0,29.0,6.0,26.6,92.29,7.38,102.65,orange
8.0,21.0,11.0,21.66,94.82,6.44,108.4,orange
19.0,10.0,10.0,27.28,93.08,6.79,106.82,orange
37.0,13.0,12.0,15.04,91.03,7.21,106.99,orange
11.0,5.0,13.0,32.19,91.29,6.98,112.13,orange
10.0,26.0,6.0,27.71,94.04,7.04,119.67,orange
3.0,24.0,6.0,12.26,93.15,6.89,111.65,orange
19.0,28.0,7.0,31.52,93.03,6.49,119.9,orange
39.0,7.0,11.0,15.58,91.39,6.9,114.01,orange
24.0,12.0,13.0,32.25,94.23,6.98,108.21,orange
6.0,19.0,12.0,27.3,93.36,7.02,106.5,orange
21.0,10.0,7.0,22.36,90.04,6.07,115.62,orange
25.0,19.0,10.0,20.43,92.64,6.12,115.51,orange
16.0,12.0,9.0,29.21,91.51,7.41,105.69,orange
35.0,25.0,8.0,32.88,90.27,7.48,109.38,orange
26.0,10.0,6.0,10.14,90.63,6.11,110.24,orange
29.0,17.0,10.0,14.92,90.66,6.95,102.83,orange
19.0,14.0,10.0,33.24,91.15,6.48,104.95,orange
3.0,5.0,7.0,22.93,94.54,6.84,118.46,orange
10.0,23.0,6.0,25.05,94.22,7.23,113.53,orange
12.0,27.0,8.0,32.9,92.31,6.74,106.06,orange
25.0,22.0,12.0,11.72,90.81,7.02,108.27,orange
29.0,6.0,15.0,15.13,92.48,6.61,103.75,orange
25.0,14.0,11.0,34.57,90.78,6.42,119.45,orange
16.0,6.0,10.0,22.72,90.77,6.4,109.97,orange
15.0,22.0,8.0,16.6,90.15,6.93,118.87,orange
9.0,22.0,11.0,11.13,90.88,7.45,105.98,orange
28.0,23.0,13.0,20.64,90.87,7.33,115.99,orange
32.0,12.0,12.0,16.15,93.19,6.87,119.19,orange
27.0,9.0,9.0,12.05,90.19,6.37,117.7,orange
30.0,12.0,10.0,31.43,94.76,6.98,100.45,orange
25.0,29.0,9.0,32.1,93.89,7.33,119.93,orange
40.0,11.0,9.0,11.73,91.36,6.35,103.06,orange
37.0,21.0,7.0,20.99,92.55,6.35,118.44,orange
1.0,24.0,6.0,18.53,91.96,6.06,100.5,orange
29.0,25.0,6.0,23.43,90.93,6.78,113.82,orange
35.0,12.0,11.0,19.34,93.8,7.26,114.15,orange
26.0,20.0,8.0,13.5,91.01,6.27,114.0,orange
27.0,16.0,13.0,26.3,90.72,6.12,108.7,orange
33.0,26.0,9.0,11.43,90.53,6.02,105.04,orange
29.0,12.0,7.0,18.51,92.08,6.96,115.95,orange
8.0,29.0,6.0,17.14,94.72,6.73,102.79,orange
34.0,52.0,52.0,33.96,93.2,6.57,44.94,papaya
59.0,60.0,46.0,28.77,92.22,6.97,184.73,papaya
67.0,59.0,54.0,37.96,93.53,6.76,117.21,papaya
36.0,64.0,53.0,37.26,94.12,6.92,119.02,papaya
43.0,47.0,47.0,24.69,90.36,6.91,60.67,papaya
32.0,46.0,49.0,37.26,92.43,6.85,87.16,papaya
64.0,53.0,54.0,42.85,94.73,6.91,65.83,papaya
42.0,50.0,45.0,34.97,91.49,6.54,248.92,papaya
56.0,54.0,51.0,40.07,94.85,6.86,168.55,papaya
38.0,53.0,52.0,33.03,94.45,6.89,184.13,papaya
59.0,47.0,54.0,31.36,91.4,6.99,152.11,papaya
47.0,68.0,55.0,43.92,94.17,6.77,153.71,papaya
34.0,63.0,53.0,27.0,91.75,6.83,132.06,papaya
47.0,62.0,45.0,34.84,90.4,6.81,48.74,papaya
37.0,57.0,46.0,42.05,94.7,6.94,148.52,papaya
63.0,70.0,52.0,43.53,90.7,6.79,242.7,papaya
50.0,63.0,54.0,34.89,90.5,6.62,120.5,papaya
43.0,63.0,49.0,28.91,93.33,6.51,88.21,papaya
49.0,46.0,45.0,26.32,94.39,6.53,173.19,papaya
68.0,67.0,53.0,33.57,93.06,6.85,114.16,papaya
39.0,64.0,49.0,24.53,90.17,6.97,88.51,papaya
55.0,64.0,51.0,24.68,93.09,6.71,244.32,papaya
52.0,61.0,54.0,27.0,93.16,6.9,122.67,papaya
37.0,64.0,50.0,27.96,90.75,6.78,207.03,papaya
32.0,47.0,46.0,40.22,91.53,6.64,226.75,papaya
39.0,56.0,50.0,40.53,90.72,6.62,208.34,papaya
61.0,52.0,48.0,33.1,94.59,6.68,66.23,papaya
69.0,58.0,54.0,39.88,92.46,6.67,72.8,papaya
49.0,58.0,55.0,34.17,90.61,6.98,249.05,papaya
38.0,64.0,52.0,42.62,90.76,6.53,95.79,papaya
64.0,56.0,49.0,25.58,91.2,6.73,159.84,papaya
63.0,60.0,46.0,40.13,90.89,6.78,138.23,papaya
30.0,64.0,52.0,35.48,92.72,6.73,215.98,papaya
67.0,62.0,51.0,29.45,93.83,6.97,87.96,papaya
36.0,52.0,55.0,43.27,91.84,6.98,46.24,papaya
55.0,68.0,48.0,34.75,94.62,6.67,155.75,papaya
35.0,62.0,46.0,35.45,91.29,6.65,158.03,papaya
42.0,46.0,47.0,24.73,91.78,6.79,213.93,papaya
30.0,57.0,50.0,33.68,93.57,6.93,119.9,papaya
52.0,52.0,47.0,38.33,90.16,6.97,97.02,papaya
55.0,47.0,45.0,23.68,90.4,6.7,145.69,papaya
60.0,58.0,52.0,39.43,92.45,6.96,93.07,papaya
45.0,51.0,54.0,33.29,94.9,6.73,167.5,papaya
35.0,49.0,54.0,23.89,90.36,6.94,142.01,papaya
55.0,68.0,46.0,36.51,93.89,6.83,57.66,papaya
33.0,66.0,50.0,30.34,93.57,6.82,73.86,papaya
59.0,69.0,45.0,24.53,92.72,6.83,204.26,papaya
43.0,50.0,52.0,37.72,92.77,6.65,68.1,papaya
56.0,62.0,55.0,28.04,94.81,6.6,106.15,papaya
33.0,56.0,52.0,36.04,93.25,6.97,224.66,papaya
65.0,57.0,51.0,23.92,94.01,6.55,112.08,papaya
60.0,64.0,54.0,30.65,93.76,6.99,67.02,papaya
50.0,69.0,53.0,32.24,91.58,6.62,213.22,papaya
67.0,54.0,54.0,30.23,90.9,6.93,236.34,papaya
67.0,63.0,50.0,24.24,90.42,6.87,49.52,papaya
68.0,61.0,52.0,42.51,93.49,6.51,109.88,papaya
68.0,61.0,49.0,36.25,94.54,6.97,54.24,papaya
48.0,68.0,48.0,36.67,94.1,6.79,235.92,papaya
68.0,53.0,54.0,26.29,91.15,6.73,90.05,papaya
67.0,69.0,51.0,31.01,90.49,6.97,242.8,papaya
35.0,65.0,53.0,23.86,93.87,6.62,192.87,papaya
68.0,60.0,55.0,39.36,90.61,6.98,154.8,papaya
44.0,59.0,51.0,24.07,92.6,6.96,161.76,papaya
43.0,53.0,55.0,24.51,94.36,6.75,68.53,papaya
59.0,68.0,50.0,32.3,90.79,6.62,60.46,papaya
32.0,46.0,46.0,25.15,91.93,6.54,229.84,papaya
54.0,53.0,49.0,28.9,93.58,6.6,230.47,papaya
60.0,61.0,48.0,24.54,91.89,6.89,179.29,papaya
56.0,66.0,53.0,24.86,94.89,6.7,73.35,papaya
55.0,62.0,47.0,35.08,93.32,6.62,164.9,papaya
69.0,61.0,52.0,38.0,90.29,6.63,246.83,papaya
63.0,50.0,52.0,36.58,91.92,6.82,127.62,papaya
54.0,50.0,46.0,33.96,90.04,6.52,152.7,papaya
31.0,70.0,52.0,43.86,93.28,6.7,158.84,papaya
39.0,52.0,47.0,35.76,90.8,6.78,83.15,papaya
53.0,60.0,54.0,36.4,92.47,6.95,189.31,papaya
63.0,69.0,49.0,41.33,92.35,6.53,216.64,papaya
53.0,53.0,46.0,23.26,91.21,6.81,85.48,papaya
58.0,55.0,48.0,24.44,93.24,6.93,173.01,papaya
31.0,62.0,55.0,37.78,90.97,6.88,44.44,papaya
49.0,64.0,54.0,24.26,93.05,6.57,112.47,papaya
58.0,67.0,52.0,32.33,90.88,6.73,127.03,papaya
54.0,66.0,53.0,33.39,93.18,6.79,186.86,papaya
50.0,51.0,48.0,29.71,92.41,6.74,152.91,papaya
31.0,64.0,47.0,24.45,92.53,6.88,119.55,papaya
63.0,48.0,54.0,34.39,91.46,6.61,157.43,papaya
35.0,62.0,47.0,43.19,94.34,6.67,65.4,papaya
62.0,62.0,46.0,37.56,90.73,6.61,179.64,papaya
58.0,55.0,54.0,42.24,91.17,6.5,53.53,papaya
35.0,45.0,50.0,38.58,94.55,6.73,61.52,papaya
38.0,60.0,48.0,27.52,93.01,6.98,244.67,papaya
34.0,52.0,48.0,28.28,92.21,6.78,106.72,papaya
37.0,53.0,49.0,35.31,91.29,6.86,89.39,papaya
31.0,61.0,47.0,28.57,90.0,6.87,101.94,papaya
38.0,53.0,54.0,33.38,94.59,6.56,148.76,papaya
39.0,60.0,46.0,40.34,92.67,6.81,175.43,papaya
46.0,67.0,50.0,36.2,93.68,6.63,108.64,papaya
65.0,56.0,53.0,42.44,91.09,6.97,246.58,papaya
69.0,50.0,54.0,29.25,93.78,6.98,154.56,papaya
69.0,66.0,51.0,29.86,92.76,6.56,85.54,papaya
35.0,20.0,28.0,29.78,92.7,6.16,203.05,coconut
5.0,17.0,30.0,25.36,90.27,6.18,144.31,coconut
22.0,10.0,29.0,27.03,96.15,6.06,221.4,coconut
35.0,10.0,27.0,26.58,92.51,6.17,155.61,coconut
21.0,8.0,35.0,29.85,90.4,5.87,221.41,coconut
17.0,28.0,34.0,29.91,98.73,6.46,151.65,coconut
25.0,21.0,27.0,26.92,90.07,6.07,208.16,coconut
14.0,19.0,35.0,28.57,92.99,5.83,223.57,coconut
30.0,6.0,28.0,27.77,96.7,6.08,138.91,coconut
26.0,13.0,31.0,26.98,92.84,6.31,143.07,coconut
19.0,20.0,32.0,26.61,95.97,5.86,225.09,coconut
20.0,21.0,35.0,28.02,99.22,6.18,132.83,coconut
33.0,25.0,25.0,26.87,95.65,5.92,212.35,coconut
22.0,30.0,34.0,27.28,98.35,6.06,228.8,coconut
18.0,27.0,34.0,29.31,99.44,6.0,202.48,coconut
20.0,13.0,27.0,27.66,96.11,6.44,197.41,coconut
27.0,16.0,25.0,27.44,96.9,5.68,163.36,coconut
11.0,21.0,29.0,27.66,96.19,6.49,161.76,coconut
14.0,28.0,32.0,29.72,98.64,5.56,175.55,coconut
12.0,16.0,30.0,28.09,92.03,6.23,222.11,coconut
29.0,19.0,27.0,26.58,97.23,5.57,217.05,coconut
3.0,29.0,30.0,28.61,92.73,5.64,165.71,coconut
39.0,9.0,26.0,26.73,96.31,5.62,131.65,coconut
37.0,27.0,32.0,29.5,97.44,5.62,152.04,coconut
38.0,9.0,32.0,28.29,97.49,5.51,203.19,coconut
6.0,9.0,29.0,28.78,95.84,5.64,223.16,coconut
3.0,8.0,29.0,25.66,94.9,5.62,169.4,coconut
26.0,17.0,27.0,27.57,99.37,5.89,185.95,coconut
2.0,7.0,25.0,26.8,99.1,5.87,203.4,coconut
8.0,9.0,26.0,26.68,90.02,6.49,195.88,coconut
1.0,25.0,25.0,29.54,92.72,5.9,155.18,coconut
10.0,14.0,32.0,29.7,93.71,5.92,160.63,coconut
15.0,22.0,30.0,26.97,92.38,6.26,181.55,coconut
6.0,29.0,29.0,28.96,97.77,5.59,161.08,coconut
3.0,17.0,29.0,25.41,96.14,5.77,188.79,coconut
27.0,22.0,35.0,26.0,95.88,6.26,160.9,coconut
9.0,23.0,33.0,25.24,95.53,6.4,205.24,coconut
31.0,20.0,32.0,25.98,99.24,6.1,134.63,coconut
18.0,5.0,27.0,26.3,90.41,6.1,152.74,coconut
9.0,22.0,32.0,27.42,98.6,5.88,205.3,coconut
16.0,11.0,31.0,28.18,99.87,6.28,137.69,coconut
23.0,27.0,26.0,26.49,95.89,5.53,203.14,coconut
32.0,19.0,25.0,28.54,99.03,6.34,133.56,coconut
18.0,19.0,30.0,28.64,99.98,5.73,207.98,coconut
32.0,16.0,26.0,28.62,97.49,6.22,186.37,coconut
31.0,23.0,25.0,27.8,93.47,6.17,223.23,coconut
33.0,20.0,33.0,26.4,92.51,6.08,224.99,coconut
17.0,30.0,29.0,27.75,90.32,6.36,172.89,coconut
11.0,17.0,26.0,27.12,92.66,5.53,192.1,coconut
8.0,22.0,35.0,29.17,94.41,6.28,167.34,coconut
22.0,17.0,29.0,26.31,96.89,5.77,213.57,coconut
2.0,16.0,35.0,28.6,98.36,5.87,145.2,coconut
26.0,23.0,29.0,28.73,91.88,5.66,169.01,coconut
28.0,12.0,26.0,25.52,96.7,6.03,145.02,coconut
5.0,9.0,34.0,26.94,96.13,6.17,166.13,coconut
3.0,11.0,31.0,28.8,95.96,5.78,184.17,coconut
0.0,14.0,31.0,25.4,92.38,5.75,212.98,coconut
5.0,25.0,29.0,25.39,98.08,5.96,156.05,coconut
15.0,6.0,26.0,27.01,91.52,5.9,214.93,coconut
36.0,10.0,28.0,26.61,95.39,6.16,132.44,coconut
39.0,17.0,29.0,29.08,92.53,5.83,199.21,coconut
11.0,16.0,27.0,28.45,95.02,5.53,195.36,coconut
19.0,20.0,33.0,29.64,94.37,6.09,226.82,coconut
30.0,14.0,30.0,25.15,96.61,6.3,167.58,coconut
9.0,29.0,31.0,27.04,98.17,5.97,166.0,coconut
5.0,29.0,32.0,26.25,98.91,6.21,162.12,coconut
35.0,5.0,28.0,28.84,95.11,6.1,173.43,coconut
32.0,24.0,30.0,27.97,96.14,6.06,167.0,coconut
28.0,25.0,25.0,29.75,94.79,5.7,183.75,coconut
40.0,12.0,30.0,28.04,91.7,6.24,131.26,coconut
33.0,9.0,35.0,25.46,94.29,6.11,200.06,coconut
8.0,6.0,31.0,26.02,93.84,6.46,153.13,coconut
2.0,8.0,28.0,25.88,91.79,6.17,147.3,coconut
5.0,19.0,25.0,28.84,95.53,5.62,153.69,coconut
18.0,12.0,32.0,29.87,98.95,5.84,156.11,coconut
15.0,23.0,25.0,26.96,98.09,6.09,166.35,coconut
20.0,17.0,28.0,25.68,94.5,5.83,203.96,coconut
26.0,20.0,33.0,25.94,98.55,5.66,155.18,coconut
29.0,29.0,32.0,28.01,94.86,6.27,180.63,coconut
0.0,26.0,33.0,28.2,99.05,6.11,184.62,coconut
14.0,14.0,28.0,29.3,91.68,5.91,195.04,coconut
21.0,12.0,33.0,28.67,93.59,5.89,219.54,coconut
1.0,29.0,29.0,29.39,94.94,6.35,221.43,coconut
13.0,19.0,28.0,25.53,94.58,5.85,135.96,coconut
1.0,27.0,31.0,27.67,92.93,6.35,214.36,coconut
29.0,26.0,25.0,29.41,97.57,6.45,137.91,coconut
19.0,17.0,25.0,26.81,98.72,6.02,223.74,coconut
8.0,24.0,26.0,28.07,92.33,5.92,210.84,coconut
23.0,28.0,28.0,29.06,96.55,6.31,155.55,coconut
32.0,28.0,28.0,25.64,95.48,6.25,210.05,coconut
27.0,26.0,31.0,26.14,93.67,5.89,134.29,coconut
16.0,9.0,26.0,29.13,95.28,6.38,211.25,coconut
23.0,7.0,29.0,29.0,98.97,5.6,164.39,coconut
5.0,10.0,32.0,25.61,99.01,6.43,219.88,coconut
0.0,17.0,34.0,29.45,97.3,5.97,180.85,coconut
24.0,21.0,32.0,29.37,94.83,6.34,181.79,coconut
26.0,28.0,27.0,25.83,90.67,6.49,227.08,coconut
7.0,26.0,27.0,29.57,94.82,6.24,151.81,coconut
31.0,23.0,27.0,27.35,93.8,6.18,208.23,coconut
26.0,19.0,26.0,29.71,93.09,6.32,145.06,coconut
131.0,41.0,17.0,25.52,83.02,6.97,81.88,cotton
116.0,56.0,22.0,23.61,75.95,6.43,66.79,cotton
116.0,48.0,15.0,22.66,76.38,5.49,95.59,cotton
110.0,42.0,24.0,25.83,82.19,7.68,62.16,cotton
129.0,35.0,17.0,23.41,77.15,5.82,92.81,cotton
126.0,52.0,20.0,25.01,80.57,7.32,63.63,cotton
136.0,37.0,17.0,22.33,75.04,6.06,87.71,cotton
110.0,37.0,17.0,24.77,84.78,7.58,84.03,cotton
111.0,56.0,22.0,23.36,78.79,6.37,69.08,cotton
131.0,45.0,16.0,25.11,84.74,7.05,95.88,cotton
107.0,47.0,21.0,25.1,84.67,7.07,65.02,cotton
130.0,55.0,20.0,25.78,84.45,5.33,97.06,cotton
117.0,42.0,15.0,25.76,76.37,7.9,82.42,cotton
131.0,39.0,23.0,25.93,75.33,7.48,82.33,cotton
112.0,40.0,16.0,24.54,81.85,6.81,80.44,cotton
110.0,38.0,16.0,24.94,75.62,5.9,74.61,cotton
102.0,47.0,22.0,23.73,77.84,5.56,94.96,cotton
126.0,58.0,24.0,23.8,76.24,5.29,71.26,cotton
107.0,58.0,16.0,24.32,78.4,7.53,85.87,cotton
110.0,53.0,18.0,24.89,81.02,7.2,82.78,cotton
111.0,49.0,17.0,24.39,78.35,5.63,88.01,cotton
109.0,49.0,24.0,25.05,77.99,7.49,85.3,cotton
122.0,46.0,23.0,22.24,83.23,5.29,69.86,cotton
129.0,45.0,20.0,23.67,83.51,6.03,85.78,cotton
120.0,55.0,21.0,23.49,81.14,7.18,78.98,cotton
129.0,47.0,17.0,22.34,81.28,7.17,83.68,cotton
104.0,36.0,19.0,23.03,78.77,7.91,82.39,cotton
117.0,42.0,20.0,24.25,78.73,6.16,95.31,cotton
105.0,57.0,24.0,24.76,78.77,5.97,71.29,cotton
105.0,44.0,18.0,22.27,80.07,7.98,75.55,cotton
101.0,47.0,19.0,23.77,78.62,6.4,65.79,cotton
132.0,50.0,19.0,24.75,83.99,7.36,61.58,cotton
127.0,40.0,18.0,25.29,84.9,6.57,89.83,cotton
110.0,53.0,25.0,24.68,77.23,7.72,97.04,cotton
136.0,47.0,21.0,23.69,84.75,7.56,71.36,cotton
116.0,52.0,24.0,24.78,82.81,5.83,62.97,cotton
102.0,53.0,21.0,25.13,81.1,7.11,97.65,cotton
115.0,37.0,16.0,22.02,77.49,7.05,89.0,cotton
116.0,46.0,19.0,25.3,79.61,6.92,84.46,cotton
115.0,54.0,20.0,22.47,79.82,6.04,79.82,cotton
139.0,48.0,24.0,23.78,83.92,6.46,93.39,cotton
129.0,60.0,19.0,25.36,84.5,6.83,65.85,cotton
102.0,57.0,21.0,25.69,78.8,7.58,72.8,cotton
107.0,47.0,24.0,25.41,83.67,5.14,61.28,cotton
138.0,49.0,19.0,22.45,80.68,6.85,79.06,cotton
101.0,53.0,23.0,25.46,81.74,5.25,93.17,cotton
135.0,55.0,19.0,25.68,84.11,5.67,98.0,cotton
102.0,39.0,15.0,25.65,80.07,5.64,85.89,cotton
104.0,41.0,23.0,23.05,84.11,7.35,65.97,cotton
133.0,49.0,24.0,23.58,76.19,6.03,98.53,cotton
125.0,57.0,21.0,25.45,83.65,7.7,66.79,cotton
108.0,39.0,20.0,22.63,82.67,5.84,73.99,cotton
124.0,54.0,20.0,22.87,81.42,6.29,96.48,cotton
125.0,41.0,18.0,22.68,84.59,5.65,77.72,cotton
121.0,45.0,21.0,22.61,81.62,5.68,80.17,cotton
120.0,54.0,20.0,22.31,75.07,7.77,92.52,cotton
125.0,40.0,21.0,22.98,77.43,7.16,93.9,cotton
110.0,46.0,17.0,22.39,75.39,7.26,73.41,cotton
110.0,47.0,21.0,23.69,78.0,7.94,64.14,cotton
138.0,47.0,17.0,25.17,77.24,7.21,89.13,cotton
119.0,44.0,23.0,24.16,75.75,5.6,98.92,cotton
123.0,58.0,23.0,25.2,82.43,6.56,91.91,cotton
130.0,49.0,19.0,22.23,79.5,7.47,72.43,cotton
111.0,35.0,21.0,23.67,82.29,5.63,66.52,cotton
115.0,49.0,17.0,23.68,78.86,5.64,96.47,cotton
105.0,44.0,23.0,22.67,75.9,6.94,92.93,cotton
115.0,50.0,20.0,22.2,75.42,6.41,77.29,cotton
129.0,55.0,24.0,23.67,79.68,7.82,95.8,cotton
115.0,58.0,16.0,25.47,78.47,5.4,63.36,cotton
128.0,49.0,17.0,25.01,79.35,7.24,96.36,cotton
134.0,58.0,17.0,23.13,77.66,5.63,80.22,cotton
126.0,49.0,24.0,25.82,80.05,5.09,85.49,cotton
124.0,56.0,19.0,23.37,75.06,7.28,87.3,cotton
130.0,50.0,20.0,23.53,84.37,7.66,62.39,cotton
137.0,44.0,15.0,22.14,80.77,7.18,65.79,cotton
118.0,45.0,21.0,22.55,77.33,7.31,73.06,cotton
140.0,48.0,23.0,24.17,79.84,6.38,76.37,cotton
132.0,44.0,25.0,24.02,80.87,7.79,63.33,cotton
127.0,37.0,23.0,23.7,76.73,7.79,94.17,cotton
119.0,54.0,20.0,24.92,83.8,5.95,86.7,cotton
135.0,58.0,22.0,25.44,78.32,7.46,79.66,cotton
132.0,59.0,16.0,23.37,81.09,7.05,71.15,cotton
111.0,58.0,21.0,24.35,83.62,6.92,73.99,cotton
103.0,55.0,23.0,23.28,81.03,5.13,91.53,cotton
127.0,44.0,22.0,25.63,81.58,7.2,83.29,cotton
135.0,52.0,20.0,22.16,81.52,7.07,83.37,cotton
102.0,53.0,19.0,22.75,76.16,7.54,95.93,cotton
108.0,49.0,22.0,25.65,81.45,7.55,97.74,cotton
139.0,39.0,16.0,22.78,77.7,5.86,85.68,cotton
109.0,42.0,22.0,24.72,82.12,6.56,74.63,cotton
119.0,36.0,15.0,25.23,76.88,7.73,94.48,cotton
135.0,48.0,20.0,24.67,82.54,7.66,66.84,cotton
139.0,43.0,16.0,25.44,79.78,6.29,68.64,cotton
137.0,58.0,23.0,22.84,75.91,5.92,62.53,cotton
123.0,49.0,22.0,25.65,79.19,7.91,89.26,cotton
119.0,50.0,21.0,23.02,76.5,5.41,92.62,cotton
132.0,39.0,16.0,22.5,79.73,6.05,77.94,cotton
136.0,51.0,21.0,22.79,79.34,7.16,80.68,cotton
104.0,44.0,24.0,23.35,81.23,7.12,74.86,cotton
131.0,58.0,20.0,22.99,82.98,5.18,66.68,cotton
85.0,38.0,40.0,24.17,85.16,6.55,166.35,jute
94.0,42.0,44.0,25.81,70.93,6.58,158.49,jute
88.0,51.0,41.0,25.49,88.17,6.95,171.01,jute
65.0,49.0,38.0,24.57,76.75,7.39,159.55,jute
66.0,47.0,41.0,23.49,80.91,6.22,153.05,jute
84.0,54.0,36.0,25.69,79.63,7.16,150.57,jute
68.0,57.0,42.0,23.9,77.96,6.87,193.47,jute
67.0,35.0,42.0,26.21,78.93,6.2,162.95,jute
61.0,46.0,36.0,25.15,77.35,6.63,181.02,jute
100.0,39.0,38.0,24.83,81.08,6.98,188.69,jute
97.0,59.0,41.0,23.4,88.21,6.95,152.47,jute
73.0,54.0,44.0,25.71,86.99,6.01,168.49,jute
100.0,44.0,38.0,23.65,88.14,6.59,174.87,jute
77.0,37.0,38.0,24.42,70.19,6.76,181.27,jute
78.0,57.0,37.0,26.69,77.44,6.1,194.54,jute
79.0,59.0,35.0,25.65,81.96,6.35,188.07,jute
88.0,42.0,45.0,23.35,86.87,6.65,155.1,jute
93.0,53.0,41.0,25.58,79.08,6.67,189.78,jute
92.0,40.0,39.0,25.68,88.8,6.6,160.27,jute
79.0,54.0,36.0,24.7,74.38,6.64,166.47,jute
81.0,39.0,39.0,26.62,89.51,6.26,166.74,jute
92.0,53.0,36.0,26.34,86.08,6.09,161.52,jute
75.0,58.0,40.0,25.95,83.49,6.98,169.57,jute
68.0,56.0,40.0,26.29,70.59,7.08,180.7,jute
86.0,42.0,45.0,24.56,84.67,6.61,174.55,jute
68.0,47.0,41.0,24.4,73.28,6.26,178.48,jute
62.0,49.0,41.0,25.2,87.43,7.12,160.51,jute
86.0,55.0,43.0,25.56,83.85,6.62,192.21,jute
84.0,47.0,39.0,23.83,75.81,6.68,162.13,jute
73.0,44.0,37.0,23.25,78.63,7.25,151.75,jute
68.0,36.0,36.0,26.43,89.26,6.29,179.28,jute
87.0,52.0,36.0,23.31,78.29,7.48,169.89,jute
92.0,44.0,37.0,26.83,89.45,6.1,172.71,jute
89.0,39.0,43.0,23.13,81.69,7.44,153.97,jute
77.0,52.0,37.0,24.29,78.39,6.11,166.92,jute
91.0,40.0,40.0,25.85,75.51,6.56,159.93,jute
91.0,56.0,41.0,25.2,81.06,7.29,176.96,jute
93.0,47.0,45.0,25.82,78.81,6.66,194.19,jute
87.0,36.0,41.0,25.55,87.67,6.71,186.62,jute
80.0,40.0,41.0,24.42,81.25,6.18,186.28,jute
61.0,45.0,42.0,25.38,70.1,6.99,166.79,jute
82.0,48.0,44.0,23.97,80.36,6.08,188.14,jute
93.0,42.0,43.0,25.95,70.65,7.37,163.05,jute
86.0,60.0,35.0,23.82,88.19,7.05,184.4,jute
95.0,46.0,35.0,23.35,74.93,6.54,151.88,jute
82.0,47.0,38.0,25.53,73.07,6.19,167.92,jute
96.0,56.0,39.0,26.27,71.1,6.93,182.93,jute
81.0,36.0,37.0,26.89,89.36,6.56,165.77,jute
67.0,44.0,38.0,26.4,74.37,6.65,195.79,jute
86.0,37.0,44.0,24.04,82.8,7.17,190.56,jute
89.0,42.0,36.0,23.91,82.52,6.3,171.75,jute
82.0,58.0,37.0,25.83,76.89,6.71,190.03,jute
85.0,45.0,39.0,23.26,79.05,7.07,163.9,jute
71.0,55.0,38.0,25.16,82.32,6.89,197.86,jute
77.0,41.0,41.0,26.36,76.52,7.18,169.18,jute
97.0,56.0,39.0,24.43,79.37,7.18,169.52,jute
92.0,49.0,39.0,24.87,86.91,6.52,173.36,jute
83.0,44.0,38.0,26.23,76.01,7.44,158.06,jute
84.0,49.0,41.0,23.04,86.79,7.11,165.47,jute
91.0,50.0,42.0,25.09,71.89,7.2,158.49,jute
76.0,41.0,39.0,23.92,86.61,6.95,158.19,jute
64.0,56.0,42.0,25.18,73.8,7.24,186.88,jute
64.0,49.0,38.0,23.75,73.08,6.3,198.92,jute
85.0,37.0,35.0,24.06,83.28,7.31,192.44,jute
93.0,45.0,42.0,23.17,83.55,6.06,169.89,jute
87.0,45.0,38.0,24.9,75.4,6.13,155.68,jute
90.0,52.0,39.0,23.35,85.84,7.02,180.04,jute
85.0,57.0,43.0,24.41,72.02,6.31,186.72,jute
61.0,60.0,41.0,23.38,70.29,7.38,162.01,jute
69.0,41.0,42.0,23.86,85.54,7.46,179.52,jute
75.0,41.0,41.0,24.86,70.44,7.21,199.43,jute
85.0,36.0,39.0,26.79,86.1,6.42,169.94,jute
78.0,55.0,37.0,26.51,82.42,6.14,190.14,jute
90.0,50.0,41.0,23.48,74.29,6.6,180.4,jute
63.0,59.0,41.0,23.79,76.05,7.15,161.39,jute
98.0,44.0,41.0,24.84,89.87,7.36,175.94,jute
68.0,41.0,38.0,26.84,85.39,6.51,185.75,jute
82.0,45.0,39.0,26.8,84.11,7.0,169.52,jute
71.0,47.0,44.0,24.13,73.11,6.22,164.14,jute
62.0,40.0,45.0,26.44,75.52,7.08,169.33,jute
72.0,49.0,45.0,25.05,89.52,6.03,161.79,jute
70.0,41.0,44.0,24.08,71.82,6.05,156.83,jute
72.0,40.0,35.0,25.89,88.89,6.38,197.06,jute
75.0,51.0,38.0,25.73,82.19,6.23,154.6,jute
87.0,45.0,37.0,24.24,70.77,6.35,151.43,jute
65.0,53.0,36.0,26.15,79.74,6.4,154.99,jute
83.0,51.0,36.0,24.26,81.82,7.22,179.71,jute
61.0,56.0,43.0,26.64,89.12,6.69,151.44,jute
72.0,59.0,36.0,25.81,80.84,7.32,181.17,jute
100.0,38.0,36.0,23.55,82.37,7.14,150.02,jute
80.0,49.0,38.0,23.87,80.92,6.21,185.16,jute
74.0,43.0,39.0,23.87,77.65,6.31,198.74,jute
61.0,39.0,39.0,25.35,78.78,6.41,196.39,jute
78.0,58.0,41.0,25.35,73.99,6.06,152.89,jute
95.0,59.0,37.0,26.45,89.64,7.09,152.26,jute
97.0,51.0,39.0,25.51,84.91,7.07,184.29,jute
64.0,43.0,39.0,24.68,77.98,7.38,197.34,jute
70.0,38.0,37.0,25.45,79.63,7.48,169.55,jute
61.0,42.0,41.0,26.99,70.37,6.41,174.8,jute
65.0,53.0,41.0,26.75,84.56,7.19,196.2,jute
89.0,21.0,28.0,27.83,51.17,6.63,127.66,coffee
91.0,25.0,31.0,27.41,62.88,6.4,123.08,coffee
118.0,19.0,25.0,25.81,56.65,6.95,122.17,coffee
108.0,17.0,29.0,24.54,57.62,7.01,192.38,coffee
98.0,22.0,30.0,27.72,58.25,6.89,194.71,coffee
116.0,28.0,27.0,27.06,52.81,7.42,166.58,coffee
98.0,25.0,33.0,27.21,65.05,7.49,178.68,coffee
104.0,19.0,25.0,24.29,62.24,7.32,123.4,coffee
84.0,19.0,27.0,27.61,51.66,6.54,117.21,coffee
90.0,22.0,32.0,27.33,55.42,7.01,184.76,coffee
106.0,23.0,31.0,27.72,63.92,7.04,126.96,coffee
90.0,25.0,27.0,23.16,69.83,6.92,181.83,coffee
97.0,24.0,28.0,23.56,66.72,6.75,192.01,coffee
102.0,34.0,33.0,23.15,69.02,6.64,110.21,coffee
81.0,37.0,26.0,26.24,68.67,6.65,144.03,coffee
106.0,15.0,35.0,26.0,64.38,7.11,169.66,coffee
104.0,17.0,29.0,26.48,60.17,6.94,119.18,coffee
83.0,35.0,30.0,25.17,65.13,7.47,165.03,coffee
116.0,20.0,27.0,23.72,68.05,6.81,155.29,coffee
120.0,34.0,26.0,25.01,60.8,6.93,172.09,coffee
83.0,22.0,34.0,25.22,57.9,7.23,164.63,coffee
117.0,26.0,25.0,23.27,54.33,6.26,155.06,coffee
108.0,37.0,30.0,23.96,54.63,7.49,146.71,coffee
86.0,39.0,32.0,27.73,59.67,6.62,147.26,coffee
110.0,15.0,35.0,27.71,62.75,7.04,144.89,coffee
103.0,37.0,31.0,25.78,50.07,7.0,131.7,coffee
104.0,18.0,33.0,26.97,58.26,7.14,186.41,coffee
102.0,35.0,29.0,24.79,68.01,6.47,111.34,coffee
83.0,17.0,28.0,24.39,53.54,6.62,117.29,coffee
111.0,29.0,29.0,24.54,59.92,6.37,123.34,coffee
92.0,38.0,31.0,25.11,60.76,6.31,145.12,coffee
117.0,36.0,30.0,25.05,64.53,6.66,129.0,coffee
116.0,24.0,31.0,27.59,60.83,6.57,189.37,coffee
103.0,37.0,35.0,27.36,69.22,7.14,111.5,coffee
115.0,37.0,26.0,27.41,65.63,6.25,149.75,coffee
86.0,39.0,29.0,23.29,53.12,6.15,171.09,coffee
106.0,31.0,32.0,25.74,53.01,7.2,173.18,coffee
91.0,28.0,34.0,25.25,68.2,6.24,115.2,coffee
81.0,23.0,33.0,23.38,63.16,6.14,132.97,coffee
87.0,32.0,31.0,27.29,58.95,7.32,143.45,coffee
100.0,18.0,31.0,27.5,66.74,7.0,173.39,coffee
114.0,38.0,28.0,24.85,62.88,6.27,152.26,coffee
118.0,18.0,27.0,24.77,58.26,6.73,198.05,coffee
103.0,27.0,33.0,24.26,57.75,6.38,113.53,coffee
82.0,23.0,31.0,27.64,53.45,6.92,166.99,coffee
104.0,23.0,33.0,27.77,61.31,6.77,131.59,coffee
118.0,25.0,32.0,25.13,60.29,7.36,143.7,coffee
119.0,15.0,33.0,23.99,56.53,6.32,126.84,coffee
109.0,19.0,32.0,25.64,58.25,6.43,154.72,coffee
99.0,30.0,26.0,26.09,69.38,7.13,146.81,coffee
88.0,17.0,31.0,27.11,67.08,7.17,149.12,coffee
110.0,36.0,27.0,23.16,62.53,7.14,187.63,coffee
97.0,32.0,33.0,25.82,50.87,6.66,113.14,coffee
93.0,33.0,29.0,25.03,61.99,6.09,167.44,coffee
111.0,19.0,27.0,23.36,52.59,6.29,167.27,coffee
111.0,21.0,26.0,23.92,54.85,6.95,152.73,coffee
98.0,16.0,33.0,26.65,66.86,6.62,118.27,coffee
93.0,32.0,31.0,24.21,61.78,6.86,161.41,coffee
102.0,36.0,27.0,25.25,65.11,6.43,110.16,coffee
105.0,32.0,28.0,24.12,60.86,7.41,181.94,coffee
102.0,23.0,33.0,26.16,51.07,6.15,158.93,coffee
97.0,28.0,34.0,23.53,51.73,6.48,112.66,coffee
114.0,25.0,27.0,27.62,51.06,6.68,142.12,coffee
83.0,25.0,27.0,23.1,67.05,7.16,136.8,coffee
92.0,17.0,28.0,26.33,64.71,7.19,155.98,coffee
102.0,34.0,35.0,26.6,69.73,7.27,166.23,coffee
115.0,17.0,28.0,23.5,56.7,6.87,135.7,coffee
117.0,31.0,28.0,23.54,51.37,6.97,175.52,coffee
91.0,19.0,31.0,26.08,60.28,7.16,127.49,coffee
81.0,16.0,29.0,24.67,62.35,7.28,148.9,coffee
96.0,27.0,27.0,24.59,60.34,7.04,145.68,coffee
89.0,30.0,32.0,27.87,69.57,7.11,171.45,coffee
97.0,21.0,33.0,27.57,66.98,6.31,134.4,coffee
84.0,31.0,33.0,26.11,61.33,6.32,179.58,coffee
95.0,33.0,25.0,25.23,69.9,7.2,138.74,coffee
83.0,27.0,30.0,26.96,55.55,6.48,127.16,coffee
100.0,17.0,31.0,25.29,64.37,7.19,187.77,coffee
86.0,29.0,25.0,27.28,62.71,6.81,184.15,coffee
87.0,16.0,28.0,23.43,55.43,6.95,174.55,coffee
97.0,19.0,32.0,25.61,54.48,7.37,163.58,coffee
101.0,28.0,33.0,23.61,54.11,7.35,131.08,coffee
82.0,35.0,31.0,24.34,51.86,6.11,190.71,coffee
117.0,24.0,26.0,26.37,53.19,6.11,161.23,coffee
86.0,20.0,29.0,24.06,68.51,6.82,145.92,coffee
81.0,31.0,29.0,23.76,65.49,6.77,151.03,coffee
97.0,38.0,28.0,27.68,67.03,6.77,116.61,coffee
108.0,36.0,26.0,23.98,51.89,6.92,122.41,coffee
95.0,18.0,25.0,25.1,53.61,7.19,180.2,coffee
111.0,20.0,30.0,25.41,65.14,6.69,139.95,coffee
101.0,28.0,34.0,26.34,68.05,7.04,188.57,coffee
88.0,34.0,33.0,23.27,67.47,6.98,129.24,coffee
103.0,25.0,34.0,26.87,68.05,7.25,121.9,coffee
109.0,22.0,25.0,23.17,63.97,6.97,154.78,coffee
88.0,19.0,33.0,24.14,69.67,6.93,147.32,coffee
97.0,22.0,32.0,25.94,57.37,6.91,145.52,coffee
105.0,19.0,30.0,23.78,54.94,7.16,137.52,coffee
103.0,37.0,32.0,25.52,69.04,6.91,171.55,coffee
88.0,27.0,33.0,25.92,50.44,6.92,113.44,coffee
92.0,34.0,34.0,23.74,50.41,7.23,125.73,coffee
105.0,26.0,30.0,24.27,61.44,6.32,179.46,coffee
